basename,file_path,module_name,chapter,sha256
ch8_bernoulli_bool_core,ProbabilityTheory/common_support/ch8_bernoulli_bool_core.lean,ProbabilityTheory.common_support.ch8_bernoulli_bool_core,,9b43972f083dad3dacd2222097a90a9e0923810460b1923e2a526bee9b2d2419
ch8_discrete_pmf_core,ProbabilityTheory/common_support/ch8_discrete_pmf_core.lean,ProbabilityTheory.common_support.ch8_discrete_pmf_core,,904bd0c5893f24de6c48f071a7d43983ac2694fe3984fbd7aed6ffa124522283
chapter13_stopping_support,ProbabilityTheory/common_support/chapter13_stopping_support.lean,ProbabilityTheory.common_support.chapter13_stopping_support,,f95d533dad554892c8e28f04e0970a888bd8d052c3fe6ed0b9111c080a4b16d7
chapter14_coupon_geometric_support,ProbabilityTheory/common_support/chapter14_coupon_geometric_support.lean,ProbabilityTheory.common_support.chapter14_coupon_geometric_support,,cfa905c1def568ca34141ffd0554a2114ccd4c135f6c086dad8d9035dc31b392
chapter14_mgf_support,ProbabilityTheory/common_support/chapter14_mgf_support.lean,ProbabilityTheory.common_support.chapter14_mgf_support,,50367031a2b2f2ef3e14d125c45a75aad4f885349e1f2a271e338ac2727252cb
chapter14_tightness_support,ProbabilityTheory/common_support/chapter14_tightness_support.lean,ProbabilityTheory.common_support.chapter14_tightness_support,,c2fb19833f7334547ecac4cd7934ba633a95340e2c102f0649728cc7e9e11a5d
chapter14_triangular_array_support,ProbabilityTheory/common_support/chapter14_triangular_array_support.lean,ProbabilityTheory.common_support.chapter14_triangular_array_support,,b9ea615f9ed6df663afef1a4e7ce945a74ae690342358b198ec7b8e76376fcaf
def_10_1,ProbabilityTheory/chapter_10/def_10_1.lean,ProbabilityTheory.chapter_10.def_10_1,10,38c11ee8b78b7d159a58f3bfd4a795bbe8b435259a4a423b641f5feabab3e219
def_10_2,ProbabilityTheory/chapter_10/def_10_2.lean,ProbabilityTheory.chapter_10.def_10_2,10,6518cc55e4f0a9173af59b1a1434f0d176bc9b2feaade805018a176e02069089
def_10_3,ProbabilityTheory/chapter_10/def_10_3.lean,ProbabilityTheory.chapter_10.def_10_3,10,632e8d7275a03e8be3b2cf3ef935583e9b953f20a63b54dac644851a2eaef82d
def_10_4,ProbabilityTheory/chapter_10/def_10_4.lean,ProbabilityTheory.chapter_10.def_10_4,10,80392f49a758abb9f56034a98ff00c633b19dcb68d6f2ec314d6043b200eb0b4
def_10_5,ProbabilityTheory/chapter_10/def_10_5.lean,ProbabilityTheory.chapter_10.def_10_5,10,f935c9f5054fe2ec6ac0b9ec83038724157d582efe9bf12bff23b290028ee260
def_10_6,ProbabilityTheory/chapter_10/def_10_6.lean,ProbabilityTheory.chapter_10.def_10_6,10,14437c1bcace13f16b864a8bfbba122cedac94a1dd71ce3632183d9a794e1963
def_12_1,ProbabilityTheory/chapter_12/def_12_1.lean,ProbabilityTheory.chapter_12.def_12_1,12,830f682f0925768cdefbe0813c68f1e99c30f12f19c22d6d58087b945120b99c
def_12_2,ProbabilityTheory/chapter_12/def_12_2.lean,ProbabilityTheory.chapter_12.def_12_2,12,5a1b2ef6e6f65de9e54aa7710dd8037e2470be7a774c6d9d157d380d79deb466
def_12_3,ProbabilityTheory/chapter_12/def_12_3.lean,ProbabilityTheory.chapter_12.def_12_3,12,9d0ee4a0227b0ab5a8fc3ba0bfa283a5ff85f70b67ca6d5051f20818556941a6
def_12_4,ProbabilityTheory/chapter_12/def_12_4.lean,ProbabilityTheory.chapter_12.def_12_4,12,d7fe08cc814c0877df7ce2a98b8c8335641ac0a5b846aa26731ce0faceca6850
def_12_5,ProbabilityTheory/chapter_12/def_12_5.lean,ProbabilityTheory.chapter_12.def_12_5,12,af77899fe1a735c3cd15894ba78c4461e66bd9f1a108d58ac479433870ddccb9
def_13_1,ProbabilityTheory/chapter_13/def_13_1.lean,ProbabilityTheory.chapter_13.def_13_1,13,eed54128220add37e203bdb0d5bce6b057d8354061373c50f9fc03a7692ec22c
def_13_2,ProbabilityTheory/chapter_13/def_13_2.lean,ProbabilityTheory.chapter_13.def_13_2,13,a7ae3320202646b0f78f708d1388fee3a2f81015c6df441896a677915886c55a
def_13_3,ProbabilityTheory/chapter_13/def_13_3.lean,ProbabilityTheory.chapter_13.def_13_3,13,a82aa972f006e1e758c4736ab31257a13d02015982c12cdc248166c95cb3990f
def_13_4,ProbabilityTheory/chapter_13/def_13_4.lean,ProbabilityTheory.chapter_13.def_13_4,13,8374ead5246233d3918094e83ae8c82a9e722d557213289f62e29f0f7bc9726a
def_13_5,ProbabilityTheory/chapter_13/def_13_5.lean,ProbabilityTheory.chapter_13.def_13_5,13,9b8ae350f797a9ef61995d12eaeced1ce53ee7b486a6077ca19f0721b300a405
def_13_6,ProbabilityTheory/chapter_13/def_13_6.lean,ProbabilityTheory.chapter_13.def_13_6,13,f913ac7de49454bf4208acc0728686a517ff2f163b25ad569a3542d4caacab5c
def_13_7,ProbabilityTheory/chapter_13/def_13_7.lean,ProbabilityTheory.chapter_13.def_13_7,13,4dcc1f7ae5e461ea3645dc7b4a2f162e39f3372eeb99c698a0833e5e73f39c9c
def_13_8,ProbabilityTheory/chapter_13/def_13_8.lean,ProbabilityTheory.chapter_13.def_13_8,13,ce892f28412c529be2202820a39b23d5fa5d37ce3031c26fd61b73ad69d89d87
def_13_9,ProbabilityTheory/chapter_13/def_13_9.lean,ProbabilityTheory.chapter_13.def_13_9,13,9b5eef75a81fa8c875ccdf45aa29cdbcb0baf70d8af40c7f5bb74fd186ab9200
def_14_1,ProbabilityTheory/chapter_14/def_14_1.lean,ProbabilityTheory.chapter_14.def_14_1,14,0f98d93d519e6ba9a9f928d921a5a6c74280429e583d59b4d65235cf7c8d852a
def_14_2,ProbabilityTheory/chapter_14/def_14_2.lean,ProbabilityTheory.chapter_14.def_14_2,14,e788f2a4412600cd7eec9107991d724599679bcd11ce17fb2e0c24175a3476e3
def_14_3,ProbabilityTheory/chapter_14/def_14_3.lean,ProbabilityTheory.chapter_14.def_14_3,14,c292c27751fb8b48983fbba6958e762165d7fe90b3fd080a21c178cf00fa448e
def_1_1,ProbabilityTheory/chapter_01/def_1_1.lean,ProbabilityTheory.chapter_01.def_1_1,1,9f207b952a28215dc4db05b8811f361c15033ce49a651ae9eede99d201a6258f
def_1_2,ProbabilityTheory/chapter_01/def_1_2.lean,ProbabilityTheory.chapter_01.def_1_2,1,c4e625ac5696894b81775270e1efad303a5b6f055b36208507acbfabe05ea427
def_1_3,ProbabilityTheory/chapter_01/def_1_3.lean,ProbabilityTheory.chapter_01.def_1_3,1,2c196809f5c81562ffc92dee1e44be4e255c8a483636a8e236302555cb853531
def_1_4,ProbabilityTheory/chapter_01/def_1_4.lean,ProbabilityTheory.chapter_01.def_1_4,1,84e5843c010266493131fd718bb29abfac9904f4f3e29cc1408593129c56e9c0
DirichletGamma,ProbabilityTheory/chapter_01/DirichletGamma.lean,ProbabilityTheory.chapter_01.DirichletGamma,1,4f0d3b62810a6579fc702c76f87affc3390cd7549758ad23ee6d622146e65a55
DirichletGammaDensity,ProbabilityTheory/chapter_01/DirichletGammaDensity.lean,ProbabilityTheory.chapter_01.DirichletGammaDensity,1,fd0953c0642914e3b0f84050e26bc88f180723c4cf2995269c1b2d4c8350972b
DirichletGammaProductDensity,ProbabilityTheory/chapter_01/DirichletGammaProductDensity.lean,ProbabilityTheory.chapter_01.DirichletGammaProductDensity,1,8007a48eee007206323e49ba3033fe7f8ea24b6af1020c6789d2aee5a2d84c2a
DirichletGammaProjectedDensity,ProbabilityTheory/chapter_01/DirichletGammaProjectedDensity.lean,ProbabilityTheory.chapter_01.DirichletGammaProjectedDensity,1,4224b4d7b475da0b52a52b6763849935d173aaef501c8f7bac8aec40fb763c75
DirichletGammaSimplexChart,ProbabilityTheory/chapter_01/DirichletGammaSimplexChart.lean,ProbabilityTheory.chapter_01.DirichletGammaSimplexChart,1,eea6a14c1c5d81bf05705d06e47ab48c8f4bd3cbe88dc5a868d2d0bfe030cb4c
Ex_1_2_1,ProbabilityTheory/chapter_01/Ex_1_2_1.lean,ProbabilityTheory.chapter_01.Ex_1_2_1,1,948cabf7be0573ff7040f435ce50b08e844fd024eeb1fa3cdf63fcc123d26a99
Ex_1_2_2,ProbabilityTheory/chapter_01/Ex_1_2_2.lean,ProbabilityTheory.chapter_01.Ex_1_2_2,1,d87d71ad65e6132a406f5c8574c76b94c562e62ce164c24963fe6fd84b68f838
ex_1_2_2_dirichlet_gamma_beta,ProbabilityTheory/chapter_01/ex_1_2_2_dirichlet_gamma_beta.lean,ProbabilityTheory.chapter_01.ex_1_2_2_dirichlet_gamma_beta,1,1481a8ce19b7c13a5763dc80ed3991648d32a4b554e74389f4c6ccd6bd4628b7
ex_1_2_2_dirichlet_gamma_chart,ProbabilityTheory/chapter_01/ex_1_2_2_dirichlet_gamma_chart.lean,ProbabilityTheory.chapter_01.ex_1_2_2_dirichlet_gamma_chart,1,ca9c51898ca44b8ee57585c4d773e3729868bb2cc1ad6cb7ad8da5871fe481fb
ex_1_2_2_dirichlet_gamma_core,ProbabilityTheory/chapter_01/ex_1_2_2_dirichlet_gamma_core.lean,ProbabilityTheory.chapter_01.ex_1_2_2_dirichlet_gamma_core,1,f8a4c274ec2d90a241c0181323476d331b9955ed984f53a2e265340f6babca06
ex_1_2_2_dirichlet_gamma_support,ProbabilityTheory/chapter_01/ex_1_2_2_dirichlet_gamma_support.lean,ProbabilityTheory.chapter_01.ex_1_2_2_dirichlet_gamma_support,1,13069a3d695b8411a188efdc3979e265f3bc72ce47f6b81a0fc5f3e44a0c8f58
Ex_1_2_3,ProbabilityTheory/chapter_01/Ex_1_2_3.lean,ProbabilityTheory.chapter_01.Ex_1_2_3,1,96e777a51c0fa4afe06468948b6ccf76fa6255eef95e78e7511888cd987ebcb1
Ex_1_3_1,ProbabilityTheory/chapter_01/Ex_1_3_1.lean,ProbabilityTheory.chapter_01.Ex_1_3_1,1,162f8ab9430ca87947289797a20f42bcefb863cb7fab1367a6870f27d22ee373
Ex_1_3_2,ProbabilityTheory/chapter_01/Ex_1_3_2.lean,ProbabilityTheory.chapter_01.Ex_1_3_2,1,9fed0e16ce15063e8818940594cff05b080a047da07a233a142fd26cd9adc255
prob_1_1,ProbabilityTheory/chapter_01/prob_1_1.lean,ProbabilityTheory.chapter_01.prob_1_1,1,afcbd02a0e11b8f284a4f42dc784b27f56f2d52a13eaeb21cf3805f248433d78
prob_1_10,ProbabilityTheory/chapter_01/prob_1_10.lean,ProbabilityTheory.chapter_01.prob_1_10,1,b81cdab8e9f6f09591821422161722b2cd2aaa73534fab1c887adffcb7e52200
prob_1_2,ProbabilityTheory/chapter_01/prob_1_2.lean,ProbabilityTheory.chapter_01.prob_1_2,1,9aac7bd2c9b6ba963f87ff469bae6e720ed9c233584fa7092de63159356bed0c
prob_1_3,ProbabilityTheory/chapter_01/prob_1_3.lean,ProbabilityTheory.chapter_01.prob_1_3,1,7b70ad22160baca1118c7972515d1dee98bbf69fa3b19c70bc81e1214497b6e3
prob_1_4,ProbabilityTheory/chapter_01/prob_1_4.lean,ProbabilityTheory.chapter_01.prob_1_4,1,6e845e85f24765497065241f3cf84d3ca874b3de7d674e7e3d88005ebba35c50
prob_1_4_dirichlet_gamma_support,ProbabilityTheory/chapter_01/prob_1_4_dirichlet_gamma_support.lean,ProbabilityTheory.chapter_01.prob_1_4_dirichlet_gamma_support,1,feeb0c633ebf82a6bd95f11605d6984cb788acc5766c469ca69d9950a75896fd
prob_1_5,ProbabilityTheory/chapter_01/prob_1_5.lean,ProbabilityTheory.chapter_01.prob_1_5,1,6a9222cdeab2070c4afe9568a88b7c19f0097435ff2d85d880cfb0f455ebbdf5
prob_1_6,ProbabilityTheory/chapter_01/prob_1_6.lean,ProbabilityTheory.chapter_01.prob_1_6,1,de55ec03d83e2a16b1b37162c65fd089c943411921e9233c3546eb07f50a27ea
prob_1_7,ProbabilityTheory/chapter_01/prob_1_7.lean,ProbabilityTheory.chapter_01.prob_1_7,1,421841c1d139bc02faba51498f4af69b5ec3d01d723f3a56c6feabacb78058e0
prob_1_8,ProbabilityTheory/chapter_01/prob_1_8.lean,ProbabilityTheory.chapter_01.prob_1_8,1,a51989a58ea2018243e5ab45de44fcc04904ba502fd969322c536dd3d18483e7
prob_1_9,ProbabilityTheory/chapter_01/prob_1_9.lean,ProbabilityTheory.chapter_01.prob_1_9,1,ee0ff322180ba518c45a90199e2271b42eb1d154fb7065dbe80b11b061de8d61
rs_stieltjes_darboux_support,ProbabilityTheory/chapter_01/rs_stieltjes_darboux_support.lean,ProbabilityTheory.chapter_01.rs_stieltjes_darboux_support,1,2433e24b7e75efb5a4a7dca8abbeb48d356be7f3ff26523994d148a45c42c609
rs_stieltjes_measure_bridge,ProbabilityTheory/chapter_01/rs_stieltjes_measure_bridge.lean,ProbabilityTheory.chapter_01.rs_stieltjes_measure_bridge,1,1102a80aeddb204ee1a2bb689c1e8c1c516698878509359416d057a77289b2da
rs_stieltjes_step_support,ProbabilityTheory/chapter_01/rs_stieltjes_step_support.lean,ProbabilityTheory.chapter_01.rs_stieltjes_step_support,1,ddc8660c99d8cbe14b7da4f15207474bc0d90e9574f058fa4ebf00ee22ae8f97
def_2_1,ProbabilityTheory/chapter_02/def_2_1.lean,ProbabilityTheory.chapter_02.def_2_1,2,9ab7692d276649cac041ff8e33a917806bf478a348aca5922a50580c20e7fa7f
def_2_2,ProbabilityTheory/chapter_02/def_2_2.lean,ProbabilityTheory.chapter_02.def_2_2,2,892de9244cf83ccb011d2ceab30dc993aaee6955ad504e9104bd6470bb3abbee
def_2_3,ProbabilityTheory/chapter_02/def_2_3.lean,ProbabilityTheory.chapter_02.def_2_3,2,74f45cc604f926289d7f72bc3e2deafcdb439d07e158da0af3a67fabab2dba7f
def_2_4,ProbabilityTheory/chapter_02/def_2_4.lean,ProbabilityTheory.chapter_02.def_2_4,2,d6f27ef7ec3314d0baa8e93b85d8f5ec52c7fe7db8bf9ca7057131f78d1f9782
def_2_5,ProbabilityTheory/chapter_02/def_2_5.lean,ProbabilityTheory.chapter_02.def_2_5,2,c75a1d989dc85123a28463512eb77564a34d5542a2dbe84dcc3b0312c553e338
def_2_6,ProbabilityTheory/chapter_02/def_2_6.lean,ProbabilityTheory.chapter_02.def_2_6,2,241daad1dde6028ff7e54d7aa90e3377794344e66bc41557e85f9e66fa146949
def_2_7,ProbabilityTheory/chapter_02/def_2_7.lean,ProbabilityTheory.chapter_02.def_2_7,2,34201ad356564e915bb1dc6ba7ba7543d97c6079ca59e636aefe52c23d61c50d
def_2_8,ProbabilityTheory/chapter_02/def_2_8.lean,ProbabilityTheory.chapter_02.def_2_8,2,09433d3b2fed779eefa8ea63108c180796434abd26a0d0258421a1daf2721c3b
def_3_1,ProbabilityTheory/chapter_03/def_3_1.lean,ProbabilityTheory.chapter_03.def_3_1,3,33d6d8430a4bc9417d636f73a6ff82eaf2ec88cca8c167a1594cd6f144e4f818
def_3_10,ProbabilityTheory/chapter_03/def_3_10.lean,ProbabilityTheory.chapter_03.def_3_10,3,3b01e28ffea4843828b794b6faed8533fed5659b4cb17526ae327ac50c5b469b
def_3_2,ProbabilityTheory/chapter_03/def_3_2.lean,ProbabilityTheory.chapter_03.def_3_2,3,b92080de6c223440cd1d9fe0ba25e8869f5b82463f7f5ecee8875c53b2dfd389
def_3_3,ProbabilityTheory/chapter_03/def_3_3.lean,ProbabilityTheory.chapter_03.def_3_3,3,152497370230c87fbf83245b89b8ec22c600d935a96e5a8d0189ae3a699ca051
def_3_4,ProbabilityTheory/chapter_03/def_3_4.lean,ProbabilityTheory.chapter_03.def_3_4,3,081e0402cad21834f8c8bca89375f8b915c6e39c97b102ea4452bf0b58032783
def_3_5,ProbabilityTheory/chapter_03/def_3_5.lean,ProbabilityTheory.chapter_03.def_3_5,3,0c3254e4043572b46647d0ec18b6c5a0a70d6f06f165209abeba2155ecbf0e40
def_3_6,ProbabilityTheory/chapter_03/def_3_6.lean,ProbabilityTheory.chapter_03.def_3_6,3,7e72734e54af5f7e6f8113e1bad54f2871a992c2199fbef685869ee7599a4bd9
def_3_7,ProbabilityTheory/chapter_03/def_3_7.lean,ProbabilityTheory.chapter_03.def_3_7,3,5d8dcf67d0e20488e9ea04940827287ae722b7ade5b62ab954ad75036ee666ff
def_3_8,ProbabilityTheory/chapter_03/def_3_8.lean,ProbabilityTheory.chapter_03.def_3_8,3,d6a3ec91d7eb2af2cf18296e95e6326719dcbf706da6e11434e7fb4c9cf15a9b
def_3_9,ProbabilityTheory/chapter_03/def_3_9.lean,ProbabilityTheory.chapter_03.def_3_9,3,3c2964433bdd3a6afa8362689eb378852dc3a05cefdccaf16b2cc804904439e3
def_4_1,ProbabilityTheory/chapter_04/def_4_1.lean,ProbabilityTheory.chapter_04.def_4_1,4,71ee80f0e6ffa85c9b720bf518b0f1b730abe3bbba72f9fee9c311f717677773
def_4_2,ProbabilityTheory/chapter_04/def_4_2.lean,ProbabilityTheory.chapter_04.def_4_2,4,d974f4c4e598bd0e84b6c63d57d04f08959f60e8cc015d15a4f7ebe9adb5898d
def_4_2_inverse_image,ProbabilityTheory/chapter_04/def_4_2_inverse_image.lean,ProbabilityTheory.chapter_04.def_4_2_inverse_image,4,d20a2da79744d6828dfdfef7b168f5a65f8ad00b68cc35e599d29b9c70dc5a59
def_4_3_limsup_liminf,ProbabilityTheory/chapter_04/def_4_3_limsup_liminf.lean,ProbabilityTheory.chapter_04.def_4_3_limsup_liminf,4,561c03cc6fe9f25d9267f449833870dda6e08db5775dd139a59ae628ad5e1a2e
def_4_3_sup_inf,ProbabilityTheory/chapter_04/def_4_3_sup_inf.lean,ProbabilityTheory.chapter_04.def_4_3_sup_inf,4,23a05b34e2ff35cc6ae51841547ca95838b348c56a938e7c3391cae46d17cb8f
def_4_4_complex_number,ProbabilityTheory/chapter_04/def_4_4_complex_number.lean,ProbabilityTheory.chapter_04.def_4_4_complex_number,4,5b4e9cf65bd949092e95fb343b7cdf08c2cf5531ff652ba76c378acdda894e43
def_4_4_complex_operations,ProbabilityTheory/chapter_04/def_4_4_complex_operations.lean,ProbabilityTheory.chapter_04.def_4_4_complex_operations,4,46db45fc72248c2dd4504ab3c8b66d6b34e9e7899a9f8f5ebef1fef667f0589a
def_4_4_complex_random_variable,ProbabilityTheory/chapter_04/def_4_4_complex_random_variable.lean,ProbabilityTheory.chapter_04.def_4_4_complex_random_variable,4,6f13fcc120757e7df9e63452bde9faf3a076e4cb8c149ce01c1ac1fd62c3e017
def_4_4_polar_form,ProbabilityTheory/chapter_04/def_4_4_polar_form.lean,ProbabilityTheory.chapter_04.def_4_4_polar_form,4,ed55ea5c2beda38731d76aaec368a4a2adcafe51263e5871a067d67cf0af0782
def_5_1,ProbabilityTheory/chapter_05/def_5_1.lean,ProbabilityTheory.chapter_05.def_5_1,5,e1daa47dda04c1cfa04fa6a5e7acced4e0fbc91e7c100fd97d5c2a013c7cf628
def_5_10,ProbabilityTheory/chapter_05/def_5_10.lean,ProbabilityTheory.chapter_05.def_5_10,5,b8dfb61876a6c507907616644985540f2a4b155c9a2dd48fe7161db1533c5676
def_5_2,ProbabilityTheory/chapter_05/def_5_2.lean,ProbabilityTheory.chapter_05.def_5_2,5,79c5fab355be4f2064d8e6a8313d7f4f6d6f8b3b015120d25a0e2cfded9fdc32
def_5_3,ProbabilityTheory/chapter_05/def_5_3.lean,ProbabilityTheory.chapter_05.def_5_3,5,3bef467d855f3578c54a79d8387e55872c4a510c867d2ea5fa7bb40a90e0ca5d
def_5_4,ProbabilityTheory/chapter_05/def_5_4.lean,ProbabilityTheory.chapter_05.def_5_4,5,dba877cc00f0d8f871fd11336413ab37c8fcc8fa367d619723768c5336d01d8f
def_5_5,ProbabilityTheory/chapter_05/def_5_5.lean,ProbabilityTheory.chapter_05.def_5_5,5,365aad7b0373c0efbc1fc1b30d8acb39d6c742950231d4e5cd6ca11bf1517aa1
def_5_6,ProbabilityTheory/chapter_05/def_5_6.lean,ProbabilityTheory.chapter_05.def_5_6,5,2be837c8720d0f6a0dfe842bb259368f10d5cf8691c4126e7e4192305ab032ff
def_5_7,ProbabilityTheory/chapter_05/def_5_7.lean,ProbabilityTheory.chapter_05.def_5_7,5,2857c523cf18cdf55739647839bd873136419979f536b4e1f423963be9c1927a
def_5_8,ProbabilityTheory/chapter_05/def_5_8.lean,ProbabilityTheory.chapter_05.def_5_8,5,000618205d07ccc2039d183760f3c669e98d46bf455fa03130a57ac55cfadf6f
def_5_9,ProbabilityTheory/chapter_05/def_5_9.lean,ProbabilityTheory.chapter_05.def_5_9,5,3f4a785d6a803e507bbbacf7ec525b2cd6a2264c6f47964affa9a1fe706d76af
def_6_1,ProbabilityTheory/chapter_06/def_6_1.lean,ProbabilityTheory.chapter_06.def_6_1,6,36f18d3ff1e63cd90abc59e6e59ff4c2ad4fed5e3955c5d6cbd920e9a8d9c647
def_6_2,ProbabilityTheory/chapter_06/def_6_2.lean,ProbabilityTheory.chapter_06.def_6_2,6,6f385599cac4910a082ade9a3ba44b1628a4a832d5a1de39b60a92e7d9d4d872
def_6_3,ProbabilityTheory/chapter_06/def_6_3.lean,ProbabilityTheory.chapter_06.def_6_3,6,37c6dc77c53331b1fa61b1ad02591f1ed6ca83f262f75220a030f8a3c2ca1ba0
def_6_4,ProbabilityTheory/chapter_06/def_6_4.lean,ProbabilityTheory.chapter_06.def_6_4,6,38fa3fae5b70df83bfbc9f2e6aa7a01c322afd591fdb56bbeed4f3d79b386927
def_6_5,ProbabilityTheory/chapter_06/def_6_5.lean,ProbabilityTheory.chapter_06.def_6_5,6,8cc38ee1ccdcb655a59c7692f602859ea89cad89d43019db094d5f6fec1597f5
def_6_6,ProbabilityTheory/chapter_06/def_6_6.lean,ProbabilityTheory.chapter_06.def_6_6,6,4550a17301378484218938487ecb3822814ebafb1d7ce581e1b94bbe781243be
def_6_7,ProbabilityTheory/chapter_06/def_6_7.lean,ProbabilityTheory.chapter_06.def_6_7,6,9f954d971e26a7f65027157afd30930d322c233e244452f808df9f8c26e89f92
def_7_1,ProbabilityTheory/chapter_07/def_7_1.lean,ProbabilityTheory.chapter_07.def_7_1,7,edc39b3f8be2496268e266748d185aad9bec1195b36375ec084f99dce14a84ae
def_7_2,ProbabilityTheory/chapter_07/def_7_2.lean,ProbabilityTheory.chapter_07.def_7_2,7,2c6374e48bdcba58042fc6b3588b07f6f57d1f763cf6373e3c78385aa1c2dd7e
def_7_3,ProbabilityTheory/chapter_07/def_7_3.lean,ProbabilityTheory.chapter_07.def_7_3,7,4a1ee629cc571d99aec1492e765326bce1a36f6e634f6f7cfff8f4b0b63973c9
def_8_1,ProbabilityTheory/chapter_08/def_8_1.lean,ProbabilityTheory.chapter_08.def_8_1,8,bda0d6d9ba9ec32d36f5b0cf09daac3c03ec7a483e90ae55ca34c443dcfefbca
def_8_2,ProbabilityTheory/chapter_08/def_8_2.lean,ProbabilityTheory.chapter_08.def_8_2,8,2fcc7ae3b26c84f6ad00dd4f1f5b2da735f7d333c8fab9b239770b43b3e560a4
def_8_3,ProbabilityTheory/chapter_08/def_8_3.lean,ProbabilityTheory.chapter_08.def_8_3,8,a12c3fe203be5b567e0516d0adb8ca3069063379ce57de65498b5e8ccf550060
def_8_4,ProbabilityTheory/chapter_08/def_8_4.lean,ProbabilityTheory.chapter_08.def_8_4,8,634f1af3270e8f3de79daba59c0ce9a17b132950af06a132427d61125956b9cb
def_8_5,ProbabilityTheory/chapter_08/def_8_5.lean,ProbabilityTheory.chapter_08.def_8_5,8,dab29ad77753dfae9e10f54e9b6307204e5afc3347f810a1c5193f0c06388a1f
def_9_1,ProbabilityTheory/chapter_09/def_9_1.lean,ProbabilityTheory.chapter_09.def_9_1,9,d2e0eebea5313aeffdd498eb2e69265f06e061351b023bd505e6aabc46d13a4a
def_9_2,ProbabilityTheory/chapter_09/def_9_2.lean,ProbabilityTheory.chapter_09.def_9_2,9,29e17fffd6d933909ffd6c4b53066f84cf2394865cf084ddbe6e026bd7283f90
def_9_3,ProbabilityTheory/chapter_09/def_9_3.lean,ProbabilityTheory.chapter_09.def_9_3,9,ca8c56804f887223561bc8fb7580242cb3679c21c80fc979320c6523ba0ab55f
dirichlet_simplex_bridge,ProbabilityTheory/common_support/dirichlet_simplex_bridge.lean,ProbabilityTheory.common_support.dirichlet_simplex_bridge,,974e3bad03c251ad2adcfc8c065eb11dc594dcfbffabbe94948389d0f7a9454b
etemadi_pairwise_iid_slln,ProbabilityTheory/common_support/etemadi_pairwise_iid_slln.lean,ProbabilityTheory.common_support.etemadi_pairwise_iid_slln,,e5d1f77480477a699a853f5480fd28df58eeeda0284960dc7474dba81315f0de
ex_10_1_1,ProbabilityTheory/chapter_10/ex_10_1_1.lean,ProbabilityTheory.chapter_10.ex_10_1_1,10,8c628744933c5cf6f2e1976f51547a7e52dafa87bea1cb39cfaf21b1d17cd9b9
ex_10_2_1,ProbabilityTheory/chapter_10/ex_10_2_1.lean,ProbabilityTheory.chapter_10.ex_10_2_1,10,b8f24f19f78e1a5a09502b70fe845a7b8e226e2d814d72d73121eef5360ad7f9
ex_10_2_2,ProbabilityTheory/chapter_10/ex_10_2_2.lean,ProbabilityTheory.chapter_10.ex_10_2_2,10,f4acc4ca655497f1818aaf3f4aa0361cbaca26f92c1f868292a44bf50a069941
ex_10_3_1,ProbabilityTheory/chapter_10/ex_10_3_1.lean,ProbabilityTheory.chapter_10.ex_10_3_1,10,65930fd3473565cda825bbaa003124a1c9df936adde78ecf51a4dbe02d3ef79d
ex_10_3_2,ProbabilityTheory/chapter_10/ex_10_3_2.lean,ProbabilityTheory.chapter_10.ex_10_3_2,10,ac82b6168729d55fbca3585d78a38a8e6aa90e084b891b3a821c6432e5502a58
ex_10_3_3,ProbabilityTheory/chapter_10/ex_10_3_3.lean,ProbabilityTheory.chapter_10.ex_10_3_3,10,cfdfdcc605d8a96f5db7b8b290d978b4f84fdcdb26980e133400305e5ccdabd6
ex_10_5_1,ProbabilityTheory/chapter_10/ex_10_5_1.lean,ProbabilityTheory.chapter_10.ex_10_5_1,10,9a666d7d5b495beb404f4bc61a352b4faae2cd6249a334563e9b329547814e07
ex_11_5_1,ProbabilityTheory/chapter_11/ex_11_5_1.lean,ProbabilityTheory.chapter_11.ex_11_5_1,11,88eb511dedc77e46983315820970ea70dac168cbe7950fe339077a6180e13c48
ex_11_5_2,ProbabilityTheory/chapter_11/ex_11_5_2.lean,ProbabilityTheory.chapter_11.ex_11_5_2,11,a37d6a34d83f69b9db3462b12324bb37fe11e9710ceb736e3ad3baca93e1971d
ex_12_1_1,ProbabilityTheory/chapter_12/ex_12_1_1.lean,ProbabilityTheory.chapter_12.ex_12_1_1,12,5fa7187d5442184021205ea1b57332be26f8cfde20ab399c522ad210a678312e
ex_12_1_2,ProbabilityTheory/chapter_12/ex_12_1_2.lean,ProbabilityTheory.chapter_12.ex_12_1_2,12,d39585c396c086b4b75117fd17f49a44ffc7a31ff7645d16b8608f662d06661d
ex_12_2_1,ProbabilityTheory/chapter_12/ex_12_2_1.lean,ProbabilityTheory.chapter_12.ex_12_2_1,12,063436b030632949347f8933c5bab7625443b04fecc7a4e83cb8ccea36cc5b89
ex_12_2_2,ProbabilityTheory/chapter_12/ex_12_2_2.lean,ProbabilityTheory.chapter_12.ex_12_2_2,12,431c45016958efc3266781e011e81e740bbac9adc70d40a8263e96bc294cfa8a
ex_12_2_3,ProbabilityTheory/chapter_12/ex_12_2_3.lean,ProbabilityTheory.chapter_12.ex_12_2_3,12,732b567603d8e1adea8962668785ae0cf36d3987c28000a1451a6d0476a525e4
ex_12_4_1,ProbabilityTheory/chapter_12/ex_12_4_1.lean,ProbabilityTheory.chapter_12.ex_12_4_1,12,1d2a659eba55da1156bb3d22e686556973fd02e0da8beda127907e7b3d420d65
ex_12_4_2,ProbabilityTheory/chapter_12/ex_12_4_2.lean,ProbabilityTheory.chapter_12.ex_12_4_2,12,d01f746d9db5b773536af7c2cd710db61c856207fec3984201ea8e2897749774
ex_12_4_3,ProbabilityTheory/chapter_12/ex_12_4_3.lean,ProbabilityTheory.chapter_12.ex_12_4_3,12,c29174fd16087d23ddc2a8b55144d1717ae9f0b78800f089ac85b4b436d6e28b
ex_13_2_1,ProbabilityTheory/chapter_13/ex_13_2_1.lean,ProbabilityTheory.chapter_13.ex_13_2_1,13,8761bd4560fe8503e7111de9dee34e152e7c803ef9c352b93b8ff1bf72c6659f
ex_13_2_2,ProbabilityTheory/chapter_13/ex_13_2_2.lean,ProbabilityTheory.chapter_13.ex_13_2_2,13,3f10ad26f32e4938d0330df3fe0a2bd12fd0bc337b0c203297ca47396c02d882
ex_13_3_1,ProbabilityTheory/chapter_13/ex_13_3_1.lean,ProbabilityTheory.chapter_13.ex_13_3_1,13,f323d1531d2495375a0347b5c5ce4fcb51606f533a0dece0bff925fa376cb27a
ex_13_5_1,ProbabilityTheory/chapter_13/ex_13_5_1.lean,ProbabilityTheory.chapter_13.ex_13_5_1,13,0c7e58cb9c02f8a82ccb4f596a90c25d93262a10c61ca22640a59c28f5a34f54
ex_13_6_1,ProbabilityTheory/chapter_13/ex_13_6_1.lean,ProbabilityTheory.chapter_13.ex_13_6_1,13,de9c5e14b017bb881d70c017a876b3644d97f3cf619b719b658055a3db4e7a3f
ex_13_6_2,ProbabilityTheory/chapter_13/ex_13_6_2.lean,ProbabilityTheory.chapter_13.ex_13_6_2,13,a4e009e1e057991a181073998b1382ef1afb116ef72090b6c8e4ef55be6ba988
ex_13_6_3,ProbabilityTheory/chapter_13/ex_13_6_3.lean,ProbabilityTheory.chapter_13.ex_13_6_3,13,4f09aff446b8244ce1ac7e446c73ab221f5be570517226b8cb0e0def7a97fa2a
ex_13_6_4,ProbabilityTheory/chapter_13/ex_13_6_4.lean,ProbabilityTheory.chapter_13.ex_13_6_4,13,efd69ed85a059551dfbd9dd54e846ed7ed1354ecc8e6341d1ed72f0e9ad15304
ex_13_6_5,ProbabilityTheory/chapter_13/ex_13_6_5.lean,ProbabilityTheory.chapter_13.ex_13_6_5,13,5563629b29d1973867600b9d2e7d6919ef1f9de0131d389185dffc03c3f925cd
ex_13_6_5_aabb_support,ProbabilityTheory/chapter_13/ex_13_6_5_aabb_support.lean,ProbabilityTheory.chapter_13.ex_13_6_5_aabb_support,13,a5fc8f38f5873e94f180e60f5ba9a9bcef8cdc507508800d960c47ddf8f038be
ex_13_6_5_abab_support,ProbabilityTheory/chapter_13/ex_13_6_5_abab_support.lean,ProbabilityTheory.chapter_13.ex_13_6_5_abab_support,13,54bd60df24d20bc5b20e51aa0464412b31a3d64f0e739f793b514b1d4d5a0b56
ex_13_6_5_base_support,ProbabilityTheory/chapter_13/ex_13_6_5_base_support.lean,ProbabilityTheory.chapter_13.ex_13_6_5_base_support,13,1e25cf4587d7090170ea46232320aaba8f61ab3427004994abb9aba7fac18e8f
ex_13_6_5_optional_stopping_support,ProbabilityTheory/chapter_13/ex_13_6_5_optional_stopping_support.lean,ProbabilityTheory.chapter_13.ex_13_6_5_optional_stopping_support,13,059263c299aaf03870c9c94f23713d9635f40f04dd0c3dc62111da04dde479a3
ex_13_6_5_process_common_support,ProbabilityTheory/chapter_13/ex_13_6_5_process_common_support.lean,ProbabilityTheory.chapter_13.ex_13_6_5_process_common_support,13,afbb3dd3f33039a32d91f25150ed7c7fa15fe7922384d945b73728d02f8532db
ex_13_6_5_waiting_time_support,ProbabilityTheory/chapter_13/ex_13_6_5_waiting_time_support.lean,ProbabilityTheory.chapter_13.ex_13_6_5_waiting_time_support,13,a56c8dce4cfadf29ee99d2cca846bb7ca9e6651f870d59049f1beff4bfbec191
ex_13_6_5_word_pattern_support,ProbabilityTheory/chapter_13/ex_13_6_5_word_pattern_support.lean,ProbabilityTheory.chapter_13.ex_13_6_5_word_pattern_support,13,ab048e1906e116a843e98662bb1392a8fbebe9271d339794c1a95f894dc614f1
ex_14_2_1,ProbabilityTheory/chapter_14/ex_14_2_1.lean,ProbabilityTheory.chapter_14.ex_14_2_1,14,11c919b1d9a1fe28cfdaf1e027f961f9db4c49684c6494911e11cd1e88ca6af9
ex_14_3_1,ProbabilityTheory/chapter_14/ex_14_3_1.lean,ProbabilityTheory.chapter_14.ex_14_3_1,14,dac6259be75d3f670908dfc8cd0339ed487c1b6b78a70c034ac1bb924abc43c4
ex_14_3_2,ProbabilityTheory/chapter_14/ex_14_3_2.lean,ProbabilityTheory.chapter_14.ex_14_3_2,14,923a4bce018d19d4ed2baf4636fd2016909775858ce67fa0798f1a665ba14ec2
ex_14_4_1,ProbabilityTheory/chapter_14/ex_14_4_1.lean,ProbabilityTheory.chapter_14.ex_14_4_1,14,af7d0690eb7d4089f6d98907790217911cc4e2404808146d3ad9bd856ddca000
ex_14_4_1_binomial_support,ProbabilityTheory/chapter_14/ex_14_4_1_binomial_support.lean,ProbabilityTheory.chapter_14.ex_14_4_1_binomial_support,14,253d8c974f1cac0d8ae69de7108653a673363679787417278bf04a1e64b03b9e
ex_14_4_1_proof_support,ProbabilityTheory/chapter_14/ex_14_4_1_proof_support.lean,ProbabilityTheory.chapter_14.ex_14_4_1_proof_support,14,1155cf9e7702615327901159f7d33c55006736d00375422b0ec04cc5639370cf
ex_14_4_1_source_support,ProbabilityTheory/chapter_14/ex_14_4_1_source_support.lean,ProbabilityTheory.chapter_14.ex_14_4_1_source_support,14,3b7e73d5e3cfac8a00d1b4925372fbf02cbd9551c047c641ff390073ecd42f67
ex_14_4_2,ProbabilityTheory/chapter_14/ex_14_4_2.lean,ProbabilityTheory.chapter_14.ex_14_4_2,14,a5990dcfeb862753b2aa5d8b258736e57bb53c9ed5ea199d7c716f245cfff1e7
ex_14_4_3,ProbabilityTheory/chapter_14/ex_14_4_3.lean,ProbabilityTheory.chapter_14.ex_14_4_3,14,df12aa1a27f767e858ea7af81a205206f25c232488e8c887b066630bfa875407
ex_14_4_3_coupon_stage_support,ProbabilityTheory/chapter_14/ex_14_4_3_coupon_stage_support.lean,ProbabilityTheory.chapter_14.ex_14_4_3_coupon_stage_support,14,8efd2679067d81a49bebba626d734df6fad87fb9b022010c1fcba477de8923d2
ex_2_1_1,ProbabilityTheory/chapter_02/ex_2_1_1.lean,ProbabilityTheory.chapter_02.ex_2_1_1,2,64c516baee437d0dc63aeb9b60e3e18e7986e21b0a0a20280d158ec73694d715
ex_2_1_2,ProbabilityTheory/chapter_02/ex_2_1_2.lean,ProbabilityTheory.chapter_02.ex_2_1_2,2,e8cecb118ba0473b255592a8e3ce1047f30196c6fe169136c9bc3781a85aadb1
ex_2_2_1,ProbabilityTheory/chapter_02/ex_2_2_1.lean,ProbabilityTheory.chapter_02.ex_2_2_1,2,0eff2ca161fc371ff4819512aab33af314d8ced49283a94286ccc05ca2dcc55a
ex_2_2_2,ProbabilityTheory/chapter_02/ex_2_2_2.lean,ProbabilityTheory.chapter_02.ex_2_2_2,2,3e2679b32d3afdd388f9da97fc65cfe4109399b9d51e8774d2b4ebccf538b088
ex_2_3_1,ProbabilityTheory/chapter_02/ex_2_3_1.lean,ProbabilityTheory.chapter_02.ex_2_3_1,2,202dde32284342e59ff09bcb577f27daf2532c1d1ee9b7ad64f115047e4e774e
ex_2_3_2,ProbabilityTheory/chapter_02/ex_2_3_2.lean,ProbabilityTheory.chapter_02.ex_2_3_2,2,5dfaf79956e83d0c82a7f7660bf48dd4ba9dd4f1c797246e802c9094000fed0e
ex_2_4_1,ProbabilityTheory/chapter_02/ex_2_4_1.lean,ProbabilityTheory.chapter_02.ex_2_4_1,2,3ea350233bccc56ab4b43e549debd3da4b621e8d4daceebfd7e692657fd8afd6
ex_3_1_1,ProbabilityTheory/chapter_03/ex_3_1_1.lean,ProbabilityTheory.chapter_03.ex_3_1_1,3,327c04c85b554fed8a18e6065b8cfccf7ca5d6118eea61765cc08b0b8eef1323
ex_3_1_2,ProbabilityTheory/chapter_03/ex_3_1_2.lean,ProbabilityTheory.chapter_03.ex_3_1_2,3,c84eb9c64e13b32015c47adf06abc11dc00287038ee4d1f1e7a13ae1204ed2d8
ex_3_1_3,ProbabilityTheory/chapter_03/ex_3_1_3.lean,ProbabilityTheory.chapter_03.ex_3_1_3,3,f3ce22a6dabc92daf5a1349444e7a15f04d044f7784022f482a85126375adfe4
ex_3_1_4,ProbabilityTheory/chapter_03/ex_3_1_4.lean,ProbabilityTheory.chapter_03.ex_3_1_4,3,4ebc27973a99ec24d1c989eafd85259b5d94f08fda9d025fffcdfca08398f5ef
ex_3_2_1,ProbabilityTheory/chapter_03/ex_3_2_1.lean,ProbabilityTheory.chapter_03.ex_3_2_1,3,aa92f99353788d6c043de0cca0e03ed68f864bcb373ffbbe6ca31000bef89bea
ex_3_3_1,ProbabilityTheory/chapter_03/ex_3_3_1.lean,ProbabilityTheory.chapter_03.ex_3_3_1,3,77348b38eb24f286ca400e4b4b51d8dc0d0c8b779fb48e656bcbca0dc0d10b6e
ex_3_3_2,ProbabilityTheory/chapter_03/ex_3_3_2.lean,ProbabilityTheory.chapter_03.ex_3_3_2,3,97cf82ad7a19ab8944f78c70ba8803073d33d9e1871e5e115efb8b99caf4dae5
ex_3_3_3,ProbabilityTheory/chapter_03/ex_3_3_3.lean,ProbabilityTheory.chapter_03.ex_3_3_3,3,92b9f9cbf6fe5386b53595c211d47ab41fb863717b3bded19eda7da10b3dcb00
ex_3_3_4,ProbabilityTheory/chapter_03/ex_3_3_4.lean,ProbabilityTheory.chapter_03.ex_3_3_4,3,b9adbfd9087fc7bf0025df31ebd2ea65a7d0b3af69b06014a4336453c15dd27f
ex_3_3_5,ProbabilityTheory/chapter_03/ex_3_3_5.lean,ProbabilityTheory.chapter_03.ex_3_3_5,3,961c763c815afb45db97c02bab2b58c555e2bd9aec501b7528d8277823840ba6
ex_3_3_6,ProbabilityTheory/chapter_03/ex_3_3_6.lean,ProbabilityTheory.chapter_03.ex_3_3_6,3,d582595a28f6a18f6b3b87507ee7c8f224c77f75ab96e3665cda71950d0e54f7
ex_4_1_1,ProbabilityTheory/chapter_04/ex_4_1_1.lean,ProbabilityTheory.chapter_04.ex_4_1_1,4,d8bd0db2f0f6bbdb57c8cbfd87a6936ad6676536d0e1e0e6dc011ee27f939aec
ex_4_1_2,ProbabilityTheory/chapter_04/ex_4_1_2.lean,ProbabilityTheory.chapter_04.ex_4_1_2,4,b50280aad2c81e4a440fd781f82297517693e8e48e8958fe8740b6b361a50182
ex_4_1_indicator_examples,ProbabilityTheory/chapter_04/ex_4_1_indicator_examples.lean,ProbabilityTheory.chapter_04.ex_4_1_indicator_examples,4,d2ea1a1b59e2656986e642ffaa376c495bf24cd814d655d8f5e311210a9c2ed5
ex_4_2_lebesgue_borel,ProbabilityTheory/chapter_04/ex_4_2_lebesgue_borel.lean,ProbabilityTheory.chapter_04.ex_4_2_lebesgue_borel,4,883198d53d937d3a5991e670e3cf6f2beb529912560796f819012e040e26bbe6
ex_4_3_1,ProbabilityTheory/chapter_04/ex_4_3_1.lean,ProbabilityTheory.chapter_04.ex_4_3_1,4,63ed138dadb05c60158cd4397c9a921d0b9e9e1cebb6af080db3d036ba8b0d7c
ex_4_3_2,ProbabilityTheory/chapter_04/ex_4_3_2.lean,ProbabilityTheory.chapter_04.ex_4_3_2,4,78d655a582eff70aafc8a9dff9f3996d6f5d6f6844cccdf3e0a3d7a080fd011d
ex_4_4_1,ProbabilityTheory/chapter_04/ex_4_4_1.lean,ProbabilityTheory.chapter_04.ex_4_4_1,4,f56a154a79ff8965a73be3c4d75d6944e1bc85d07600ac321a15fb80d5ecec90
ex_4_4_2,ProbabilityTheory/chapter_04/ex_4_4_2.lean,ProbabilityTheory.chapter_04.ex_4_4_2,4,ac46b821ed151bfffd39f26b1484d5a67b4a594f2cd466eb694fe6bb2b0f5787
ex_4_4_3,ProbabilityTheory/chapter_04/ex_4_4_3.lean,ProbabilityTheory.chapter_04.ex_4_4_3,4,4205c14a091d4662f228e3ac9d888e9a63fc69ce1f7db91d2dfcaa0051801869
ex_5_1_1,ProbabilityTheory/chapter_05/ex_5_1_1.lean,ProbabilityTheory.chapter_05.ex_5_1_1,5,2773d4837e99f1a105ff26e6e0253cd895c65c0eacf5c6562f6bb3b645d54421
ex_5_2_1,ProbabilityTheory/chapter_05/ex_5_2_1.lean,ProbabilityTheory.chapter_05.ex_5_2_1,5,db65b83797d55f4d051fbfcc9dc197de2dab9c0534391c7f102d32fc6265d906
ex_5_2_2,ProbabilityTheory/chapter_05/ex_5_2_2.lean,ProbabilityTheory.chapter_05.ex_5_2_2,5,33e28cf908060a5bc2ee1d2074d09e2a6b9c85fc7e6cacc5e84fa1432a2dce55
ex_5_3_1,ProbabilityTheory/chapter_05/ex_5_3_1.lean,ProbabilityTheory.chapter_05.ex_5_3_1,5,23bb9661059e67c2eb72f82ddcfd9fd499e29fc2c572e23133f2280f629fc0bb
ex_5_4_1,ProbabilityTheory/chapter_05/ex_5_4_1.lean,ProbabilityTheory.chapter_05.ex_5_4_1,5,0651f3f9110cde4df333ece2023e50bb74de3f4e724d66239b86004925a59ae0
ex_5_4_2,ProbabilityTheory/chapter_05/ex_5_4_2.lean,ProbabilityTheory.chapter_05.ex_5_4_2,5,493ae30972bdf08c79d09a6225fbe8aeb1068b7b29889ad55827b03f682f63c3
ex_5_4_3,ProbabilityTheory/chapter_05/ex_5_4_3.lean,ProbabilityTheory.chapter_05.ex_5_4_3,5,7891bff530155b77786131f51acf9af6af6c758f98506353c6e09966b93a62f4
ex_6_1_1,ProbabilityTheory/chapter_06/ex_6_1_1.lean,ProbabilityTheory.chapter_06.ex_6_1_1,6,59b4ad3544c5540ba548aec1f5fb4a924f366f89c3f55a5d3aad3adb1560b85e
ex_6_1_2,ProbabilityTheory/chapter_06/ex_6_1_2.lean,ProbabilityTheory.chapter_06.ex_6_1_2,6,84b35faa672af75432787cc788f3cd7e2631b08bfbed1106d1ba885dcb065fac
ex_6_3_1,ProbabilityTheory/chapter_06/ex_6_3_1.lean,ProbabilityTheory.chapter_06.ex_6_3_1,6,c22b96727dd0ce72563a60088ef970b534594e7a467f9cad81cf64236e30e936
ex_6_3_1_harmonic,ProbabilityTheory/chapter_06/ex_6_3_1_harmonic.lean,ProbabilityTheory.chapter_06.ex_6_3_1_harmonic,6,21bacc8f469ada9d21965eab85a16afd9939ae97c3bff93f26d893467010a2da
ex_6_3_2,ProbabilityTheory/chapter_06/ex_6_3_2.lean,ProbabilityTheory.chapter_06.ex_6_3_2,6,b5e40806d84e78871b6c35fa791e6ad5888e0f4ec1a47102a87113aa6476acbe
ex_6_4_1,ProbabilityTheory/chapter_06/ex_6_4_1.lean,ProbabilityTheory.chapter_06.ex_6_4_1,6,7ae778c42b51bbe8d34bf64023b3757b1a98bd96cf1de21eb13077e232db4a68
ex_6_4_2,ProbabilityTheory/chapter_06/ex_6_4_2.lean,ProbabilityTheory.chapter_06.ex_6_4_2,6,9241d94593d3990792bed86415d0533bcfee225eb02d3bba6eb284154207d8ee
ex_6_5_1,ProbabilityTheory/chapter_06/ex_6_5_1.lean,ProbabilityTheory.chapter_06.ex_6_5_1,6,38506b89410a5935df78929db813cbf13c6e0285e5120da7e9584c09def5d107
ex_6_5_2,ProbabilityTheory/chapter_06/ex_6_5_2.lean,ProbabilityTheory.chapter_06.ex_6_5_2,6,bba71a73e1bd19a1120b1e00de5f05d16ebf655551d23d8a77d40d8582e06338
ex_7_2_1,ProbabilityTheory/chapter_07/ex_7_2_1.lean,ProbabilityTheory.chapter_07.ex_7_2_1,7,d0de5970903831bd92c079547f78d52fe889c73f1639549af8bbfd8d56085e5b
ex_7_2_2,ProbabilityTheory/chapter_07/ex_7_2_2.lean,ProbabilityTheory.chapter_07.ex_7_2_2,7,f86ac9efbf5e99c4f47418449b031323f543700215834b8d04564d089b7e2f4f
ex_7_2_3,ProbabilityTheory/chapter_07/ex_7_2_3.lean,ProbabilityTheory.chapter_07.ex_7_2_3,7,6287ead8722db4fc116ba90e3577a9f44887f54a0b17776d961f37f904dbf763
ex_7_3_1,ProbabilityTheory/chapter_07/ex_7_3_1.lean,ProbabilityTheory.chapter_07.ex_7_3_1,7,83e1694cd860bb0341688a577ca5d0f000bfab640142c7a85a8c613fdd3e13b9
ex_7_3_2,ProbabilityTheory/chapter_07/ex_7_3_2.lean,ProbabilityTheory.chapter_07.ex_7_3_2,7,7f9cde08f35566d1feb7cc5e4978b3a3096fbc133702204cd313e954e6f2c484
ex_7_4_1_rayleigh_distribution,ProbabilityTheory/chapter_07/ex_7_4_1_rayleigh_distribution.lean,ProbabilityTheory.chapter_07.ex_7_4_1_rayleigh_distribution,7,0ec3509c8902a9802cafca4812ccca17593d2bc94b205a5b76f4eeec1c7d4d41
ex_7_4_1_variance_of_a_random_variable,ProbabilityTheory/chapter_07/ex_7_4_1_variance_of_a_random_variable.lean,ProbabilityTheory.chapter_07.ex_7_4_1_variance_of_a_random_variable,7,b40e6f0d1684f6f345995c8121fc5ed0d371bb48206cf61c917e9aa90d76fe28
ex_7_4_2,ProbabilityTheory/chapter_07/ex_7_4_2.lean,ProbabilityTheory.chapter_07.ex_7_4_2,7,afe2da56e8cad7b8ea567a147e41836ec15d83a960f81bdfbc8bc26379a6b627
ex_7_5_1,ProbabilityTheory/chapter_07/ex_7_5_1.lean,ProbabilityTheory.chapter_07.ex_7_5_1,7,f5c890646cdb2978a31ef4288ab2bce6ab3c6adba3d4c07acff25fbc3db2f72d
ex_8_1_1,ProbabilityTheory/chapter_08/ex_8_1_1.lean,ProbabilityTheory.chapter_08.ex_8_1_1,8,b43e607b9b400900f942ff0b11cb96b87dac00acffe5b9d6f1a99804556f0203
ex_8_1_2,ProbabilityTheory/chapter_08/ex_8_1_2.lean,ProbabilityTheory.chapter_08.ex_8_1_2,8,165dd77430e37d5e449b163f9c900aceec4ad43cb93d0c585afee420e40513e2
ex_8_1_3,ProbabilityTheory/chapter_08/ex_8_1_3.lean,ProbabilityTheory.chapter_08.ex_8_1_3,8,c82720b9bf6f04b81dad3560e837e5896f7e2668cb31853ed145f7dac463f875
ex_8_2_1,ProbabilityTheory/chapter_08/ex_8_2_1.lean,ProbabilityTheory.chapter_08.ex_8_2_1,8,8a39836906f8e742ce1578689a69b8da3c844420f1149ae0027bb28ad43db45f
ex_8_2_2,ProbabilityTheory/chapter_08/ex_8_2_2.lean,ProbabilityTheory.chapter_08.ex_8_2_2,8,783886a735a9eaabfc1f1cb219c8c21450eb4f233312af110cdca02e0cf2147b
ex_8_3_1,ProbabilityTheory/chapter_08/ex_8_3_1.lean,ProbabilityTheory.chapter_08.ex_8_3_1,8,757289306a6b0520a081876a988209d19a2662aa105d8813c8e43b162b23f62b
ex_8_3_2,ProbabilityTheory/chapter_08/ex_8_3_2.lean,ProbabilityTheory.chapter_08.ex_8_3_2,8,f9337a8de86f1d24afa3c0fcc21a42ee44970fac2f1495abd3266158a8add992
ex_8_3_3,ProbabilityTheory/chapter_08/ex_8_3_3.lean,ProbabilityTheory.chapter_08.ex_8_3_3,8,1f7cf21307f41db773661efe7feb643c1881c51c99a6e1f8cd082395617b5904
ex_8_3_4,ProbabilityTheory/chapter_08/ex_8_3_4.lean,ProbabilityTheory.chapter_08.ex_8_3_4,8,223fb4bbef11e1f27216309153ac5ec5a43e67b5102c34b3435463a51c70f48c
ex_8_4_1,ProbabilityTheory/chapter_08/ex_8_4_1.lean,ProbabilityTheory.chapter_08.ex_8_4_1,8,6a20d73ca9ae29dd8643c4fd144f926aaac9f6e31786187a2a2cd7b41648044b
ex_8_4_2,ProbabilityTheory/chapter_08/ex_8_4_2.lean,ProbabilityTheory.chapter_08.ex_8_4_2,8,2526d3a9783954b60ef867e22180069e7000354657630b16b4d1944168941827
ex_8_4_3,ProbabilityTheory/chapter_08/ex_8_4_3.lean,ProbabilityTheory.chapter_08.ex_8_4_3,8,f92eaca051ef8dbf44923698774a4eca36d7a11b1d8c8e18d3e359dd5b6ad639
ex_8_4_4,ProbabilityTheory/chapter_08/ex_8_4_4.lean,ProbabilityTheory.chapter_08.ex_8_4_4,8,067f43f43bf9daa611a85589809f69129a66f2a158dc49f67a9f9880371840ef
ex_9_1_1,ProbabilityTheory/chapter_09/ex_9_1_1.lean,ProbabilityTheory.chapter_09.ex_9_1_1,9,98b804ee654bc869f2471e3e13fc2a28ec92ffd16c3f228e2e8d9ddaedbb7fe9
ex_9_2_1,ProbabilityTheory/chapter_09/ex_9_2_1.lean,ProbabilityTheory.chapter_09.ex_9_2_1,9,54351234dec73892440eaeab47635cc293dbe078bae723e85179111429984e1e
ex_9_2_2,ProbabilityTheory/chapter_09/ex_9_2_2.lean,ProbabilityTheory.chapter_09.ex_9_2_2,9,920f3aecef7b70c6ed562d24582ab73e743110e5544c3e7ddc24556a3360a3d9
gamma_beta_bridge,ProbabilityTheory/common_support/gamma_beta_bridge.lean,ProbabilityTheory.common_support.gamma_beta_bridge,,da048c1708d42a41a9a6823e447b4525ba6ea910b82ea8dbc276d7d8b3031967
prob_10_1,ProbabilityTheory/chapter_10/prob_10_1.lean,ProbabilityTheory.chapter_10.prob_10_1,10,49f8840b1ca79f37ad73fa8ae5e5424870aaa4eae78d77b716c566503af51514
prob_10_10,ProbabilityTheory/chapter_10/prob_10_10.lean,ProbabilityTheory.chapter_10.prob_10_10,10,23dfe766d20b6878afb05068482628c35eedbbb7acf4834fcb68b260671583e7
prob_10_10_distribution_bridge,ProbabilityTheory/chapter_10/prob_10_10_distribution_bridge.lean,ProbabilityTheory.chapter_10.prob_10_10_distribution_bridge,10,df790b4c8ab99671f98076c6c735e987250c1d5af9904dfedd83bdfac30ef018
prob_10_2,ProbabilityTheory/chapter_10/prob_10_2.lean,ProbabilityTheory.chapter_10.prob_10_2,10,cd696a647db544a41416645bebba63d29bfc1f5f43b0098d079e7c51723c6828
prob_10_3,ProbabilityTheory/chapter_10/prob_10_3.lean,ProbabilityTheory.chapter_10.prob_10_3,10,e42d1631c00a78e9cd944061a06d80815fbabb93ecfd7c972cc4777eaedbdf68
prob_10_4,ProbabilityTheory/chapter_10/prob_10_4.lean,ProbabilityTheory.chapter_10.prob_10_4,10,98ac0a3d71fdcadf0fde01714686a071879d123086bf5cb3809f58cd5a31f8a0
prob_10_5,ProbabilityTheory/chapter_10/prob_10_5.lean,ProbabilityTheory.chapter_10.prob_10_5,10,d7a3a8e2a3d0bdfb91660debc40ee89d521980e0ef207c814bb02cc13aed5980
prob_10_6,ProbabilityTheory/chapter_10/prob_10_6.lean,ProbabilityTheory.chapter_10.prob_10_6,10,6d5d8dc49a5acc4a089231f1159527d20be9bd8efb3b6b9815bb4610a9041045
prob_10_7,ProbabilityTheory/chapter_10/prob_10_7.lean,ProbabilityTheory.chapter_10.prob_10_7,10,b2429a588234de6a7f50b2e05f5d688d5c5a2419e24387ea70c2a48b5ea954f9
prob_10_8,ProbabilityTheory/chapter_10/prob_10_8.lean,ProbabilityTheory.chapter_10.prob_10_8,10,8babfb74c7027284bf660e38e6e3ef47f441ec9d0b1c1978626be338bcbe2778
prob_10_9,ProbabilityTheory/chapter_10/prob_10_9.lean,ProbabilityTheory.chapter_10.prob_10_9,10,702bc7697c5ad21c89841dfaa5f572366628276b10f7ace162770a4078b839c5
prob_11_1,ProbabilityTheory/chapter_11/prob_11_1.lean,ProbabilityTheory.chapter_11.prob_11_1,11,7158502d6414345ea3a5d3df83628af8515f575bd9487fd3b49d191359938822
prob_11_10,ProbabilityTheory/chapter_11/prob_11_10.lean,ProbabilityTheory.chapter_11.prob_11_10,11,a85407beec045b0fd438ce9606a21878eae19d39fdb0e4d9fe268144ee6525aa
prob_11_2,ProbabilityTheory/chapter_11/prob_11_2.lean,ProbabilityTheory.chapter_11.prob_11_2,11,800282a14dfde5eeba19c443e24a9e393e6042d7b120c3f8a7737616a560ccbb
prob_11_3,ProbabilityTheory/chapter_11/prob_11_3.lean,ProbabilityTheory.chapter_11.prob_11_3,11,9525f76f25d2e4102b0e61ee236f5674582d25b76cffe5b32eb6d8e0a5bf7b58
prob_11_4,ProbabilityTheory/chapter_11/prob_11_4.lean,ProbabilityTheory.chapter_11.prob_11_4,11,35d9e98be9525bb2e8aa0457b61e1ec2af2210a8886f38215cb92b9cb9a2f6bf
prob_11_5,ProbabilityTheory/chapter_11/prob_11_5.lean,ProbabilityTheory.chapter_11.prob_11_5,11,676045ccd7d7f79df981bf78fd6d0ca619c0def7237c77f31dccf7191d54fc2e
prob_11_6,ProbabilityTheory/chapter_11/prob_11_6.lean,ProbabilityTheory.chapter_11.prob_11_6,11,71db0b9f61dc0138d6abd2a81969ec2ebb12e7fec707e32c18e390f86776d2c1
prob_11_7,ProbabilityTheory/chapter_11/prob_11_7.lean,ProbabilityTheory.chapter_11.prob_11_7,11,1fa3303551f047538cde3d81990783226a83fe3f2a96595a4f5e6b275f13cf5d
prob_11_8,ProbabilityTheory/chapter_11/prob_11_8.lean,ProbabilityTheory.chapter_11.prob_11_8,11,e789420d353f3323c8404254a18190a9c6abcae0d1640214af150beeb36d347c
prob_11_9,ProbabilityTheory/chapter_11/prob_11_9.lean,ProbabilityTheory.chapter_11.prob_11_9,11,f456b53281370421fa67c3cac8af551b8a4555f0c1167526e67c6f2482ccf8d8
prob_11_9_final_support,ProbabilityTheory/chapter_11/prob_11_9_final_support.lean,ProbabilityTheory.chapter_11.prob_11_9_final_support,11,68b8e37e9940011f474021beb5eaa34993944df98846bca0d629e53365b0187d
prob_11_9_limit_support,ProbabilityTheory/chapter_11/prob_11_9_limit_support.lean,ProbabilityTheory.chapter_11.prob_11_9_limit_support,11,a0ebca0e3c125f18ff25a1f1b5552b68a264c845620241091425c9126256f15c
prob_11_9_model_support,ProbabilityTheory/chapter_11/prob_11_9_model_support.lean,ProbabilityTheory.chapter_11.prob_11_9_model_support,11,94e66ad46a46fdaa14feca584c3f7a920c2593a827ca3d957d1236bdc49153a1
prob_11_9_moment_support,ProbabilityTheory/chapter_11/prob_11_9_moment_support.lean,ProbabilityTheory.chapter_11.prob_11_9_moment_support,11,2ba0810e34659b9c4930716012f884fa06301178afe0941d9f1bc5188231ae96
prob_11_9_probability_support,ProbabilityTheory/chapter_11/prob_11_9_probability_support.lean,ProbabilityTheory.chapter_11.prob_11_9_probability_support,11,8632de9b7e5b4fc8b184a50718cb0d61c9fcffc76d422a14ba816d95cbd5c23a
prob_11_9_proof_support,ProbabilityTheory/chapter_11/prob_11_9_proof_support.lean,ProbabilityTheory.chapter_11.prob_11_9_proof_support,11,1f53424e570d03b364b23a907318d8a4c6394ac15f34b7e460e3ab045c3b34b1
prob_12_1,ProbabilityTheory/chapter_12/prob_12_1.lean,ProbabilityTheory.chapter_12.prob_12_1,12,62732f4fba98904158b79328897d8b32e73f92af740ff6bad92a85ddf4a72ecb
prob_12_2,ProbabilityTheory/chapter_12/prob_12_2.lean,ProbabilityTheory.chapter_12.prob_12_2,12,7f63f96b650de48b0e1435ace91a40865dc8b13a1f321a01835a52e16c057dde
prob_12_3,ProbabilityTheory/chapter_12/prob_12_3.lean,ProbabilityTheory.chapter_12.prob_12_3,12,0173c7588d34b9fbb2f8927a3e7650a76c4b06a6bf3cfb1f628e6dec5d00ffbe
prob_12_4,ProbabilityTheory/chapter_12/prob_12_4.lean,ProbabilityTheory.chapter_12.prob_12_4,12,430a1be16e1a6efc26fe6b94caf5245ccc43ff6c1e91606b9b1ccbc3f05bfa53
prob_12_5,ProbabilityTheory/chapter_12/prob_12_5.lean,ProbabilityTheory.chapter_12.prob_12_5,12,ab57e7fc027d1ea20b610ac9e709850365e673407fc9ee28614c17c640686a01
prob_13_1,ProbabilityTheory/chapter_13/prob_13_1.lean,ProbabilityTheory.chapter_13.prob_13_1,13,fd54e8c3c22b179bebd0d254ba732c8758c2827c805e76da80904a0076a06dbc
prob_13_2,ProbabilityTheory/chapter_13/prob_13_2.lean,ProbabilityTheory.chapter_13.prob_13_2,13,8b5aea2b9689f88ca7a8985308c4f101fc7ee73915c139ed78ee4a4485667e36
prob_13_2_support,ProbabilityTheory/chapter_13/prob_13_2_support.lean,ProbabilityTheory.chapter_13.prob_13_2_support,13,f8ba7dc9ac4f66cc7ba0642347a02a26fb457625852bd0a9850720a52ef874e4
prob_13_3,ProbabilityTheory/chapter_13/prob_13_3.lean,ProbabilityTheory.chapter_13.prob_13_3,13,21c692977530214f4288551fa5bcc171b07fbd265f44d418f354e7ee50794d61
prob_13_4,ProbabilityTheory/chapter_13/prob_13_4.lean,ProbabilityTheory.chapter_13.prob_13_4,13,add944c573e2fd12ca77d8e946c07a3ee55466e4aee70befc0d31084e37dce33
prob_13_4_support,ProbabilityTheory/chapter_13/prob_13_4_support.lean,ProbabilityTheory.chapter_13.prob_13_4_support,13,3065f4756ad587c977739d9a62a1d123e78897bcf2596c0c571b5a644a2a050b
prob_13_10,ProbabilityTheory/chapter_13/prob_13_10.lean,ProbabilityTheory.chapter_13.prob_13_10,13,6ad1d2b643b04901025dc7a2d261accc754b1a143ccc802c458a70638e458c7f
prob_13_10_centered_wald_support,ProbabilityTheory/chapter_13/prob_13_10_centered_wald_support.lean,ProbabilityTheory.chapter_13.prob_13_10_centered_wald_support,13,4c43e107bcda1848427204b47d975b55d30f9af6894a96c84449441981d7de96
prob_13_10_independent_count_support,ProbabilityTheory/chapter_13/prob_13_10_independent_count_support.lean,ProbabilityTheory.chapter_13.prob_13_10_independent_count_support,13,4e971a861d2647321cd5af9b17bee52d1367a3eea75a39cc8443be2fe16f8b60
prob_13_10_relaxed_optional_stopping_support,ProbabilityTheory/chapter_13/prob_13_10_relaxed_optional_stopping_support.lean,ProbabilityTheory.chapter_13.prob_13_10_relaxed_optional_stopping_support,13,d02d538ebd575aef35254efa1a50903826ef96b0fca87b1561273be65b016bac
prob_13_10_stopped_sum_support,ProbabilityTheory/chapter_13/prob_13_10_stopped_sum_support.lean,ProbabilityTheory.chapter_13.prob_13_10_stopped_sum_support,13,bf4538810970d23e3d924289afd87cbfd1136eb1e67efd88160b71ba426b2d1a
prob_13_11,ProbabilityTheory/chapter_13/prob_13_11.lean,ProbabilityTheory.chapter_13.prob_13_11,13,fedc5fd1d6431eae07ddc8505ae8228e5e2a350ec7c66c87413a434e8e4e5326
prob_13_5,ProbabilityTheory/chapter_13/prob_13_5.lean,ProbabilityTheory.chapter_13.prob_13_5,13,9b1fba71b2d2ee8735e09e2674f1a299b0d05f96b4ea98c29b7e34c0154e6b34
prob_13_6,ProbabilityTheory/chapter_13/prob_13_6.lean,ProbabilityTheory.chapter_13.prob_13_6,13,ff1f6c62b8d1cb48fba8ef2f8848d5d3c6728cec51dc69417e5f34ad1997517d
prob_13_7,ProbabilityTheory/chapter_13/prob_13_7.lean,ProbabilityTheory.chapter_13.prob_13_7,13,9c423d17e67fc763e75a9704ce069ff6691d82ebee588146c0980db25b57b586
prob_13_8,ProbabilityTheory/chapter_13/prob_13_8.lean,ProbabilityTheory.chapter_13.prob_13_8,13,1e39b2d2173485268b07acdfa57e3a05f76511affe0476b47946637ba7abf6d5
prob_13_9,ProbabilityTheory/chapter_13/prob_13_9.lean,ProbabilityTheory.chapter_13.prob_13_9,13,23e1fc9039747dc7314aa2ca8cf9b4fc2eb9073a04d3fb5adc5485280d5a7587
prob_14_1,ProbabilityTheory/chapter_14/prob_14_1.lean,ProbabilityTheory.chapter_14.prob_14_1,14,56a97367b7bf6cd75d81acafc116dcae18ffcd2ffc10a5d10769460a2815d373
prob_14_10,ProbabilityTheory/chapter_14/prob_14_10.lean,ProbabilityTheory.chapter_14.prob_14_10,14,83db2785dfea719929de473c0a435ac3faf9a0ac3cb68bbd14fc299bbc388175
prob_14_11,ProbabilityTheory/chapter_14/prob_14_11.lean,ProbabilityTheory.chapter_14.prob_14_11,14,e90bea18a2375ee076cc11d3668a866b2ce7cc48c2f1846153064ab3deabd50e
prob_14_11_support,ProbabilityTheory/chapter_14/prob_14_11_support.lean,ProbabilityTheory.chapter_14.prob_14_11_support,14,b90aaccab952065077c85ab7eae90fb5b6455d3042387d9efbfe4e3b8c095e47
prob_14_12,ProbabilityTheory/chapter_14/prob_14_12.lean,ProbabilityTheory.chapter_14.prob_14_12,14,b725c3e76c7a87bb37560d872b42b2d9e3a6b7a86e8c12feccada05f67047f16
prob_14_12_limit_truncation_tail_support,ProbabilityTheory/chapter_14/prob_14_12_limit_truncation_tail_support.lean,ProbabilityTheory.chapter_14.prob_14_12_limit_truncation_tail_support,14,cc7898c77c3e92448456dd348991030d01e9cbfdb62366997dd49cb7d1d857d9
prob_14_12_mean_convergence_support,ProbabilityTheory/chapter_14/prob_14_12_mean_convergence_support.lean,ProbabilityTheory.chapter_14.prob_14_12_mean_convergence_support,14,72008d1ac442c50eeed708b4b05fc8079afb690f00eb38133de6e9d5d0011d95
prob_14_1_asymptotic_support,ProbabilityTheory/chapter_14/prob_14_1_asymptotic_support.lean,ProbabilityTheory.chapter_14.prob_14_1_asymptotic_support,14,5cd083e1531b973016dfefb536a87fc2c362f98fd4733a82c1b9931090dd929a
prob_14_1_finite_law_support,ProbabilityTheory/chapter_14/prob_14_1_finite_law_support.lean,ProbabilityTheory.chapter_14.prob_14_1_finite_law_support,14,4d93abf58ae10d322112c1b3fb4fbe2b583824e438d692ac9b8b09a15fd5108b
prob_14_1_grid_cdf_support,ProbabilityTheory/chapter_14/prob_14_1_grid_cdf_support.lean,ProbabilityTheory.chapter_14.prob_14_1_grid_cdf_support,14,499d018835abdcf91b4f0afe3d5ad2fa708f606f3d5e78a979159c5d640074cd
prob_14_1_proof_support,ProbabilityTheory/chapter_14/prob_14_1_proof_support.lean,ProbabilityTheory.chapter_14.prob_14_1_proof_support,14,db2ff6f0be3a42df0887cc34b5c22583b08985986e687641dab10815e5ec0466
prob_14_1_tail_endpoint_support,ProbabilityTheory/chapter_14/prob_14_1_tail_endpoint_support.lean,ProbabilityTheory.chapter_14.prob_14_1_tail_endpoint_support,14,ab0f29e9f7ed744c59d1b305b0b8fc8989374bfefbe26d523aa72b156ef02993
prob_14_1_tail_riemann_support,ProbabilityTheory/chapter_14/prob_14_1_tail_riemann_support.lean,ProbabilityTheory.chapter_14.prob_14_1_tail_riemann_support,14,96b73e76b99c663077be01e68f748ad4aba704ccdb2ee1271032553c953bfb97
prob_14_1_tail_support,ProbabilityTheory/chapter_14/prob_14_1_tail_support.lean,ProbabilityTheory.chapter_14.prob_14_1_tail_support,14,5c41eb87ea3baddcec4abb84099e75f0ba8e48968b22462a11a75b4088906b9b
prob_14_2,ProbabilityTheory/chapter_14/prob_14_2.lean,ProbabilityTheory.chapter_14.prob_14_2,14,32646e45b1e4b5179f4c2ca22308c4561ae380884537167809e13afb26088758
prob_14_3,ProbabilityTheory/chapter_14/prob_14_3.lean,ProbabilityTheory.chapter_14.prob_14_3,14,6e116def1a15c1c814cd118f5dfbe29db60aa2fadf09295d008e37832f3186c9
prob_14_4,ProbabilityTheory/chapter_14/prob_14_4.lean,ProbabilityTheory.chapter_14.prob_14_4,14,4cc3050bf07073555a99175c1d769ce11c8bc29d18f6c5b2e9210483ba08909f
prob_14_5,ProbabilityTheory/chapter_14/prob_14_5.lean,ProbabilityTheory.chapter_14.prob_14_5,14,e6cec4f28d89d53f6d0687529b7094616bb228ab21184aef978c1ad6446018fa
prob_14_6,ProbabilityTheory/chapter_14/prob_14_6.lean,ProbabilityTheory.chapter_14.prob_14_6,14,fede9d9165410214a662fcb17bc2cff72540cc77ea3f65cfb3b9ac8d89bd20f8
prob_14_7,ProbabilityTheory/chapter_14/prob_14_7.lean,ProbabilityTheory.chapter_14.prob_14_7,14,6b33ffcad2630c09bcf6c37a6e23daec0c10ecd92dea70d548aa953a37fe30a3
prob_14_8,ProbabilityTheory/chapter_14/prob_14_8.lean,ProbabilityTheory.chapter_14.prob_14_8,14,5aaf49fd864308c258cdd857c4dbdc0bde63eae98c7de40f78deb8be2ebcc6c1
prob_14_8_mgf_support,ProbabilityTheory/chapter_14/prob_14_8_mgf_support.lean,ProbabilityTheory.chapter_14.prob_14_8_mgf_support,14,4d07ed78b1acfe038ec9b87fa98091bddb3affc88d82b69f5fa66a10d8f37cb3
prob_14_8_montel_support,ProbabilityTheory/chapter_14/prob_14_8_montel_support.lean,ProbabilityTheory.chapter_14.prob_14_8_montel_support,14,d976e0a379f53fa276890d8fef4e2be61154ec66c7c6b693af4d67b162e6299c
prob_14_8_proof_support,ProbabilityTheory/chapter_14/prob_14_8_proof_support.lean,ProbabilityTheory.chapter_14.prob_14_8_proof_support,14,31cf90ae58327ce182e0232186d7d868995e4a6dd02d7496f2c44ca8f3b302aa
prob_14_8_subseq_support,ProbabilityTheory/chapter_14/prob_14_8_subseq_support.lean,ProbabilityTheory.chapter_14.prob_14_8_subseq_support,14,ba9a6fab9cce8a3cdd45df4677e699319b4948507bd24caa33bbd6c494ab329c
prob_14_9,ProbabilityTheory/chapter_14/prob_14_9.lean,ProbabilityTheory.chapter_14.prob_14_9,14,d87beccf4e67f929a0f1a0445836682f61548e0524e9d8f1359dbea73df8b62b
prob_2_1,ProbabilityTheory/chapter_02/prob_2_1.lean,ProbabilityTheory.chapter_02.prob_2_1,2,2dbcac90f01a7ece9a1654107ab5e42febcf8a0072d6ee2e49ee5f28f5ab05dd
prob_2_10,ProbabilityTheory/chapter_02/prob_2_10.lean,ProbabilityTheory.chapter_02.prob_2_10,2,8a23d3f4560d331ad1805d1a1cb68bb5925c444947289093b1fae83cf3796437
prob_2_11,ProbabilityTheory/chapter_02/prob_2_11.lean,ProbabilityTheory.chapter_02.prob_2_11,2,43e6ed8631ef80d8010e295e67d954ea0a6842648647ade1dc2304bb68aec828
prob_2_12,ProbabilityTheory/chapter_02/prob_2_12.lean,ProbabilityTheory.chapter_02.prob_2_12,2,887e1f2e4c117d037dc167bb9b3fb3651d703a1576f39eb9d829a3f2bde41e87
prob_2_2,ProbabilityTheory/chapter_02/prob_2_2.lean,ProbabilityTheory.chapter_02.prob_2_2,2,4362662437fc285a623c843ae42c4052dd4df130b6714b27c049d8c66658df47
prob_2_3,ProbabilityTheory/chapter_02/prob_2_3.lean,ProbabilityTheory.chapter_02.prob_2_3,2,d6d7b948d072bd6bd1b705bf590c226d9f15323b665231eb4b04f0fb88e451ef
prob_2_4,ProbabilityTheory/chapter_02/prob_2_4.lean,ProbabilityTheory.chapter_02.prob_2_4,2,cf1e6837befdf5e2d47ae3e8877737c08b6cb5f70fa2a695e8b1ab4545e9c4e1
prob_2_5,ProbabilityTheory/chapter_02/prob_2_5.lean,ProbabilityTheory.chapter_02.prob_2_5,2,88dd02f3a8fb9d597584f8c7db7470f9735ee2decb1233a90336afbced709f36
prob_2_6,ProbabilityTheory/chapter_02/prob_2_6.lean,ProbabilityTheory.chapter_02.prob_2_6,2,c316d99ebb04771e65e33f8947201f77dd368dc78b452138fd62b57345ee86a1
prob_2_7,ProbabilityTheory/chapter_02/prob_2_7.lean,ProbabilityTheory.chapter_02.prob_2_7,2,e3d1b52b3c25b7cfeec329ed304a5275ade5306d22c5a5817fe2eace8f3a371f
prob_2_8,ProbabilityTheory/chapter_02/prob_2_8.lean,ProbabilityTheory.chapter_02.prob_2_8,2,2d466f6ff355db338cc2118ddb8ff82ffb6ee6cee6c6da2a861ab8a69cbf2edc
prob_2_9,ProbabilityTheory/chapter_02/prob_2_9.lean,ProbabilityTheory.chapter_02.prob_2_9,2,e688f55c3e1cbcf5c0da099f392382ef72db495b027e259384a8851cb16d5b79
prob_3_1,ProbabilityTheory/chapter_03/prob_3_1.lean,ProbabilityTheory.chapter_03.prob_3_1,3,01abd52e99837864fbc25ad7adf7b95fded2b5e0fbc39e6af9f1634ceb04a46e
prob_3_2,ProbabilityTheory/chapter_03/prob_3_2.lean,ProbabilityTheory.chapter_03.prob_3_2,3,f3b4f61d7ba07a7abc33ed8634292faa5247db4d4f6c1ffd52f24464134ec4cf
prob_3_3,ProbabilityTheory/chapter_03/prob_3_3.lean,ProbabilityTheory.chapter_03.prob_3_3,3,d77d8bbf235041fe5a9cdd6431d5e68a21c3d43e223a5cbe9a6a798929f54e8c
prob_3_4,ProbabilityTheory/chapter_03/prob_3_4.lean,ProbabilityTheory.chapter_03.prob_3_4,3,67dce86ef2546613caac7ea30c4800658f1a9931278b2de73061789a3fd2c7e2
prob_3_5,ProbabilityTheory/chapter_03/prob_3_5.lean,ProbabilityTheory.chapter_03.prob_3_5,3,0c1cf53bc5f3b6d2d1ead42e6d5a163ce64e7678476de1b80797cc3b682b6ed8
prob_3_6,ProbabilityTheory/chapter_03/prob_3_6.lean,ProbabilityTheory.chapter_03.prob_3_6,3,0e8329ee565eb5db30781a936819327867d0f3497441c4ea37e3bfb44152c6a4
prob_3_7,ProbabilityTheory/chapter_03/prob_3_7.lean,ProbabilityTheory.chapter_03.prob_3_7,3,7a17250cb2cb5868cec73d82c5b5a90b9544fd64fca6bc0ac0b1f1d45928e2b2
prob_3_8,ProbabilityTheory/chapter_03/prob_3_8.lean,ProbabilityTheory.chapter_03.prob_3_8,3,3685e405ed8b37d0dcd701dbdff8d8d507dac33871a210706f281826a0c9201b
prob_3_9,ProbabilityTheory/chapter_03/prob_3_9.lean,ProbabilityTheory.chapter_03.prob_3_9,3,28db1d2aea4fb9be2c39d3ff2d1b37511f13728f9c50a6179ff869bbd33c2a4a
prob_4_1,ProbabilityTheory/chapter_04/prob_4_1.lean,ProbabilityTheory.chapter_04.prob_4_1,4,d396f1da8e73b0830eff81f26afdce007fc529390b86b90811d407d6035a1213
prob_4_10,ProbabilityTheory/chapter_04/prob_4_10.lean,ProbabilityTheory.chapter_04.prob_4_10,4,85cdfec383d0290cf17df7925435197405a472030aa02c4b366f3b51b2719e33
prob_4_11,ProbabilityTheory/chapter_04/prob_4_11.lean,ProbabilityTheory.chapter_04.prob_4_11,4,4e9cdec68a76466e28f1d29662ff05576d31fd4c7450245ef891d2600b18a62d
prob_4_12,ProbabilityTheory/chapter_04/prob_4_12.lean,ProbabilityTheory.chapter_04.prob_4_12,4,ac5f22f993bb3ef30c609d6517be2d95038fec1776f7252e0a14517d8b654cbf
prob_4_13,ProbabilityTheory/chapter_04/prob_4_13.lean,ProbabilityTheory.chapter_04.prob_4_13,4,7e28d7c6f2eb43dac551a3d363d63fb197b1c5c2511c8706bde820f669f2d0c5
prob_4_2,ProbabilityTheory/chapter_04/prob_4_2.lean,ProbabilityTheory.chapter_04.prob_4_2,4,66123dd1857f689a15ef9b59b2c514142598b5056d4b86f2aeb323cd0db3fdf4
prob_4_3,ProbabilityTheory/chapter_04/prob_4_3.lean,ProbabilityTheory.chapter_04.prob_4_3,4,7f8290399a90ad08bccb02c0dbfda0170ab7dffbe67104a549152b34978f6e7e
prob_4_4,ProbabilityTheory/chapter_04/prob_4_4.lean,ProbabilityTheory.chapter_04.prob_4_4,4,6b2d741b3513af07acd9bf2bc46f029c804e94db7663606cd002277de129cefa
prob_4_5,ProbabilityTheory/chapter_04/prob_4_5.lean,ProbabilityTheory.chapter_04.prob_4_5,4,fd07fd560dff8d28eb2c988c3d28bf8a6f3f121ce35231d08329a724fa0ad12b
prob_4_6,ProbabilityTheory/chapter_04/prob_4_6.lean,ProbabilityTheory.chapter_04.prob_4_6,4,9100f764f5bdc06fe740ec0095699f7cc80a4cfdfe492a4c9b605243bd8575bf
prob_4_7,ProbabilityTheory/chapter_04/prob_4_7.lean,ProbabilityTheory.chapter_04.prob_4_7,4,868c5ef5c9715d0b2b6aaca5e0a2f8fda141ecb65ce029a11646f65468633f28
prob_4_8,ProbabilityTheory/chapter_04/prob_4_8.lean,ProbabilityTheory.chapter_04.prob_4_8,4,1d5ccd33828fb26bd9a9613085f898dc4ce640380f890934fe7978f41535fe49
prob_4_9,ProbabilityTheory/chapter_04/prob_4_9.lean,ProbabilityTheory.chapter_04.prob_4_9,4,2ae9ef29441731898cb7948b1b998743fb04e84d623d7eb30c341c4c51c8704b
prob_5_1,ProbabilityTheory/chapter_05/prob_5_1.lean,ProbabilityTheory.chapter_05.prob_5_1,5,d031289d688c9e2ba802948cc5ce3fb7e6f901fc116b2cf727e4c8051808b360
prob_5_2,ProbabilityTheory/chapter_05/prob_5_2.lean,ProbabilityTheory.chapter_05.prob_5_2,5,71401417e21481999816d165fe50e2fd74ce2b399574f303c382783c7810ac32
prob_5_3,ProbabilityTheory/chapter_05/prob_5_3.lean,ProbabilityTheory.chapter_05.prob_5_3,5,99679ac5afb5a85f7a54876156dff183e1eeb80f470861ef5a2170c2449f6571
prob_5_4,ProbabilityTheory/chapter_05/prob_5_4.lean,ProbabilityTheory.chapter_05.prob_5_4,5,6da982ce98c8cc6b7fbb20286f9e8f10df813e0b995d4706e16512dce1cbca0e
prob_5_5,ProbabilityTheory/chapter_05/prob_5_5.lean,ProbabilityTheory.chapter_05.prob_5_5,5,bac1bf0c93dbc883ee837745efb3e9813fab7a9294165617984f5d4d7e4764f4
prob_5_6,ProbabilityTheory/chapter_05/prob_5_6.lean,ProbabilityTheory.chapter_05.prob_5_6,5,7cc779539030960ce2fb1af67d4ca4515b8dd04d8da0fad459bee3683074a0da
prob_5_7,ProbabilityTheory/chapter_05/prob_5_7.lean,ProbabilityTheory.chapter_05.prob_5_7,5,26a9167eba30c6fd725ec840a5be3fbe59f790522acad792e8379219c55ad51a
prob_5_8,ProbabilityTheory/chapter_05/prob_5_8.lean,ProbabilityTheory.chapter_05.prob_5_8,5,72eacd97535e29419f965e0608199bd89eef38062515a6bde327c1a5731a66ad
prob_5_9,ProbabilityTheory/chapter_05/prob_5_9.lean,ProbabilityTheory.chapter_05.prob_5_9,5,f5bb0ad4d4c41e0653b15c387d8eddabdbc7861fd8cd155a15c7861dde069a34
prob_6_1,ProbabilityTheory/chapter_06/prob_6_1.lean,ProbabilityTheory.chapter_06.prob_6_1,6,f304bcdbec121112db09fdd90616b38cb50e958a780c5833bfce6c76ab88d105
prob_6_10,ProbabilityTheory/chapter_06/prob_6_10.lean,ProbabilityTheory.chapter_06.prob_6_10,6,34056bde8b327db7ff1a1baac44a41fede6f44e1200fa038136ac3d0167b2346
prob_6_2,ProbabilityTheory/chapter_06/prob_6_2.lean,ProbabilityTheory.chapter_06.prob_6_2,6,e7d4369a691df27d268073f55c67806feca8c6a33e3e4fde353b04dc4d1d343e
prob_6_3,ProbabilityTheory/chapter_06/prob_6_3.lean,ProbabilityTheory.chapter_06.prob_6_3,6,0bbd76cae1ced0c8011794ad4601eb65f89381b2bd6e591846c5ec4f0d0bf290
prob_6_4,ProbabilityTheory/chapter_06/prob_6_4.lean,ProbabilityTheory.chapter_06.prob_6_4,6,63139b456bc0c69d4480b69334f3730c7fa0fde8cfc0263df7a529d6eff13c8c
prob_6_5,ProbabilityTheory/chapter_06/prob_6_5.lean,ProbabilityTheory.chapter_06.prob_6_5,6,25f01857771a30a8fd4e5477ef77aaf1b66870a19040901e498954a2ec69d553
prob_6_6,ProbabilityTheory/chapter_06/prob_6_6.lean,ProbabilityTheory.chapter_06.prob_6_6,6,66e6af53dc224a42cd6100fa5d3393317b2a9da5d1c78a74016a46eec2cea908
prob_6_7,ProbabilityTheory/chapter_06/prob_6_7.lean,ProbabilityTheory.chapter_06.prob_6_7,6,951c4427d3f0c28990fee1c0acee8eeeda362d2d01a6fdff2dc25fddd022ac32
prob_6_8,ProbabilityTheory/chapter_06/prob_6_8.lean,ProbabilityTheory.chapter_06.prob_6_8,6,68409e68d0ac0ffc2c2b296264f6b852ec498582b1cafd9220ffd5f23b7eae69
prob_6_9,ProbabilityTheory/chapter_06/prob_6_9.lean,ProbabilityTheory.chapter_06.prob_6_9,6,3b4ecb97b4f09b71adffedce03a5ca7117edb529d59b9135b17638d45ad94b70
prob_7_1,ProbabilityTheory/chapter_07/prob_7_1.lean,ProbabilityTheory.chapter_07.prob_7_1,7,a477516e8c342482671124f2792d3cca1e1b8a8d1da17914476947d386ea3351
prob_7_2,ProbabilityTheory/chapter_07/prob_7_2.lean,ProbabilityTheory.chapter_07.prob_7_2,7,e17bd87b3ae87f47661f2fd9e1f1b36135daf459e5adeaf03a49583e99a912cb
prob_7_3,ProbabilityTheory/chapter_07/prob_7_3.lean,ProbabilityTheory.chapter_07.prob_7_3,7,8f61a79316df0d4fc31db59cfb79add1d8d599e444883c3ba2dafc7e0b78d9e1
prob_7_3_completion_support,ProbabilityTheory/chapter_07/prob_7_3_completion_support.lean,ProbabilityTheory.chapter_07.prob_7_3_completion_support,7,b1670cfcae241ec7126b87e49d4b6df05c59e47f9f4837e1c8c1abb63fe2e8fb
prob_7_3_forward_support,ProbabilityTheory/chapter_07/prob_7_3_forward_support.lean,ProbabilityTheory.chapter_07.prob_7_3_forward_support,7,630994c97816b336940d743b05885632a940cbe2d1155f27e063d01be6608630
prob_7_3_lebesgue_support,ProbabilityTheory/chapter_07/prob_7_3_lebesgue_support.lean,ProbabilityTheory.chapter_07.prob_7_3_lebesgue_support,7,c65f9829867b8e7ab402343f20c08b40b8edb2774f17e25180ad1a972745ee8d
prob_7_3_oscillation_support,ProbabilityTheory/chapter_07/prob_7_3_oscillation_support.lean,ProbabilityTheory.chapter_07.prob_7_3_oscillation_support,7,d46ce3444c92aa5b261838e14ba8eb7e8f995ae32852e67dbc396a0af940c06e
prob_7_3_partition_atom_support,ProbabilityTheory/chapter_07/prob_7_3_partition_atom_support.lean,ProbabilityTheory.chapter_07.prob_7_3_partition_atom_support,7,87ad6732882b244239cb98778146e18a0e501981025ed9c411922c23819b4b8d
prob_7_3_partition_protected_support,ProbabilityTheory/chapter_07/prob_7_3_partition_protected_support.lean,ProbabilityTheory.chapter_07.prob_7_3_partition_protected_support,7,0bae8b49ae71f7aac34f6e42243ba56691f4d91b423714c992c27f824f77f1c5
prob_7_3_partition_support,ProbabilityTheory/chapter_07/prob_7_3_partition_support.lean,ProbabilityTheory.chapter_07.prob_7_3_partition_support,7,798e3f2eed67f6e4567fdabf7f2b227a35ae0cdf9308336052661c02e5f52f43
prob_7_3_proof_support,ProbabilityTheory/chapter_07/prob_7_3_proof_support.lean,ProbabilityTheory.chapter_07.prob_7_3_proof_support,7,1d3760055057407b657b521b0e834f152fa1a9c91997e748a123c8149ac64196
prob_7_4,ProbabilityTheory/chapter_07/prob_7_4.lean,ProbabilityTheory.chapter_07.prob_7_4,7,01df67d5763b23fcf546e9129e34f99cdbce4b892bcf2a25950392c35ab04bb2
prob_7_5,ProbabilityTheory/chapter_07/prob_7_5.lean,ProbabilityTheory.chapter_07.prob_7_5,7,5a7052e7e965e90e518f71494230d0cf28601dfdea52e277abce11f742896f6c
prob_7_6,ProbabilityTheory/chapter_07/prob_7_6.lean,ProbabilityTheory.chapter_07.prob_7_6,7,a9345009f68a5aff4ff223e37dec9fddf50bc9738083254e576b15ee1e5d14a2
prob_7_7,ProbabilityTheory/chapter_07/prob_7_7.lean,ProbabilityTheory.chapter_07.prob_7_7,7,075a6c7f649cd1ce99ef2ad3f1ec806cc122631712df522153a211fd566a4c31
prob_7_8,ProbabilityTheory/chapter_07/prob_7_8.lean,ProbabilityTheory.chapter_07.prob_7_8,7,797fe7c1cf4aeef225376d72698906cd809a66291dcbdfeaa61b4024e0e4cf43
prob_7_9,ProbabilityTheory/chapter_07/prob_7_9.lean,ProbabilityTheory.chapter_07.prob_7_9,7,fe867ad6d01a2cb0aad8fdd27cfa2c039ce5caadfb8e6cf325d805c5a3b672ef
prob_8_1,ProbabilityTheory/chapter_08/prob_8_1.lean,ProbabilityTheory.chapter_08.prob_8_1,8,0ece6676ea92a883a61d043b49c110308ae6e8d5b0a1802bc2a2e27da53796f7
prob_8_2,ProbabilityTheory/chapter_08/prob_8_2.lean,ProbabilityTheory.chapter_08.prob_8_2,8,9190ad37cfde58bc318a99474a4b687806a484124f69d4a3a4de4f074093ae30
prob_8_3,ProbabilityTheory/chapter_08/prob_8_3.lean,ProbabilityTheory.chapter_08.prob_8_3,8,0d46a5f1036bcf0ef9581bd55bd18198c0336d415457ee2cdd0fbff8bb1df037
prob_8_4,ProbabilityTheory/chapter_08/prob_8_4.lean,ProbabilityTheory.chapter_08.prob_8_4,8,74d00b1f63f240b5bbaa477ca3d45fcb07b6092bf10eb804fd1aaecc0fac7ea1
prob_8_5,ProbabilityTheory/chapter_08/prob_8_5.lean,ProbabilityTheory.chapter_08.prob_8_5,8,cabfb5252facd6f5ea30124e92c89ed01a44c34cb8d515dac31029cf2a7798d3
prob_8_6,ProbabilityTheory/chapter_08/prob_8_6.lean,ProbabilityTheory.chapter_08.prob_8_6,8,86c56e22a94da4f3e68f8109c4e4b7997b39d2cb52026a523bb46469818fcf03
prob_8_6_basic_support,ProbabilityTheory/chapter_08/prob_8_6_basic_support.lean,ProbabilityTheory.chapter_08.prob_8_6_basic_support,8,04557092f8dcba05652a09c0e0eb236d510fcb84bb5abb3e09c7a788aa9bd631
prob_8_6_component_support,ProbabilityTheory/chapter_08/prob_8_6_component_support.lean,ProbabilityTheory.chapter_08.prob_8_6_component_support,8,4a1fd9700cd14d28a7469d33509b9408eb172646c73ff07876ba2c546d9d0413
prob_8_6_convolution_support,ProbabilityTheory/chapter_08/prob_8_6_convolution_support.lean,ProbabilityTheory.chapter_08.prob_8_6_convolution_support,8,d4a69a4d6886fb10ae8ff90b1778f4deea219483208206a7dc1e6876aa2fceb1
prob_8_6_final_support,ProbabilityTheory/chapter_08/prob_8_6_final_support.lean,ProbabilityTheory.chapter_08.prob_8_6_final_support,8,b860d9d041a067a9c797bd5b8299571086d1028c85e6ee3b4c28e1817dc6f981
prob_8_6_proof_support,ProbabilityTheory/chapter_08/prob_8_6_proof_support.lean,ProbabilityTheory.chapter_08.prob_8_6_proof_support,8,54e1e2a4652393d20c9e8d04af9df103505a3941aa6cb3e5a5898a77a400d569
prob_8_6_single_step_support,ProbabilityTheory/chapter_08/prob_8_6_single_step_support.lean,ProbabilityTheory.chapter_08.prob_8_6_single_step_support,8,a649a88b31a248162e8e7ea73686319c5e052f84fa8f1fdc206f418dfcfe723a
prob_8_7,ProbabilityTheory/chapter_08/prob_8_7.lean,ProbabilityTheory.chapter_08.prob_8_7,8,43ecb6f8aa844665d9300b01f613a424bc2983d9e84e0aaf3cb3b708b66589f7
prob_9_1,ProbabilityTheory/chapter_09/prob_9_1.lean,ProbabilityTheory.chapter_09.prob_9_1,9,b8ddecd5b2286e8a4734dfb48bb23aa13c0c3a8c796e7efe4a44364f9bd43e7b
prob_9_10,ProbabilityTheory/chapter_09/prob_9_10.lean,ProbabilityTheory.chapter_09.prob_9_10,9,ed18e847dbdcbfc4ee70ecf6b411ffe7fcd5a6eb82b179381f73611717c822b9
prob_9_11,ProbabilityTheory/chapter_09/prob_9_11.lean,ProbabilityTheory.chapter_09.prob_9_11,9,45bc8f8f73feeb4aea463c31c0392f19b81da3b72997fc2aab9e717e4a4cf98e
prob_9_2,ProbabilityTheory/chapter_09/prob_9_2.lean,ProbabilityTheory.chapter_09.prob_9_2,9,6b7e16606ef552ff7eeb80a3b385327f21918b9dd8f8da8778349b11753bc076
prob_9_3,ProbabilityTheory/chapter_09/prob_9_3.lean,ProbabilityTheory.chapter_09.prob_9_3,9,51913beeff1903f855478682407e89e55e14c7a2408e11e80cd4273e5eb6a2df
prob_9_3_basic_support,ProbabilityTheory/chapter_09/prob_9_3_basic_support.lean,ProbabilityTheory.chapter_09.prob_9_3_basic_support,9,57dfb73f66ed4b26332466311832b6c4144ac88d06ff3b6cf751864ee549cfa5
prob_9_3_final_support,ProbabilityTheory/chapter_09/prob_9_3_final_support.lean,ProbabilityTheory.chapter_09.prob_9_3_final_support,9,8b6c48387fd151cbaf76188b28b7e011b3ae5b641867c72ec1d40d4605ba2fdb
prob_9_3_fourier_support,ProbabilityTheory/chapter_09/prob_9_3_fourier_support.lean,ProbabilityTheory.chapter_09.prob_9_3_fourier_support,9,05418419b04ed3c1acf51f800f1355ec47741d921c7d990553f9a8d04402ec2d
prob_9_3_kernel_support,ProbabilityTheory/chapter_09/prob_9_3_kernel_support.lean,ProbabilityTheory.chapter_09.prob_9_3_kernel_support,9,1ece367500510695d2e4099ab2dc0d716ba05d472ec5a7c3774c9814c63ccc15
prob_9_3_law_support,ProbabilityTheory/chapter_09/prob_9_3_law_support.lean,ProbabilityTheory.chapter_09.prob_9_3_law_support,9,c579a6dd77716b4e15025f1ecdc15312228074e54f56bd893086c2444afa40b5
prob_9_3_proof_support,ProbabilityTheory/chapter_09/prob_9_3_proof_support.lean,ProbabilityTheory.chapter_09.prob_9_3_proof_support,9,ca2ad8d904dbaef87f395cb40e66ba9779765db0333268945253746d2f375cd9
prob_9_4,ProbabilityTheory/chapter_09/prob_9_4.lean,ProbabilityTheory.chapter_09.prob_9_4,9,630ce5d362be4b7cf67460aa80bf67bfcbe8c1100c6c4beafe0b64f5448986c0
prob_9_5,ProbabilityTheory/chapter_09/prob_9_5.lean,ProbabilityTheory.chapter_09.prob_9_5,9,cdac6df8717aea9f8ed443680dce87d6ccacdb25e84d839d269276dc44e18b62
prob_9_6,ProbabilityTheory/chapter_09/prob_9_6.lean,ProbabilityTheory.chapter_09.prob_9_6,9,c21a66f0d53b96934fc66aeb7f3494210dd258e9e654928cae49b04db9fcfd11
prob_9_7,ProbabilityTheory/chapter_09/prob_9_7.lean,ProbabilityTheory.chapter_09.prob_9_7,9,b9944a8f55dc1c1705e6fa33bfd04526d350403afc53dca18cbf3e49c6cee83f
prob_9_8,ProbabilityTheory/chapter_09/prob_9_8.lean,ProbabilityTheory.chapter_09.prob_9_8,9,0ebc78f0908870d6e99010b201fb03d69747f29a68b6327c510c9f455679a677
prob_9_9,ProbabilityTheory/chapter_09/prob_9_9.lean,ProbabilityTheory.chapter_09.prob_9_9,9,a77f6655158b6394f86da01cc1bb95c16a7e8d327c7a0c721ef70d31a0aa34ff
rs_partition_core,ProbabilityTheory/common_support/rs_partition_core.lean,ProbabilityTheory.common_support.rs_partition_core,,58c1e8aa00514031919b090f7c2620e7efa1da3ab9f45d636b440e95aa9e429e
thm_10_1,ProbabilityTheory/chapter_10/thm_10_1.lean,ProbabilityTheory.chapter_10.thm_10_1,10,2f56b0465f74747126856ab2979593dacfef9845957f94d602ec7f0cae87f2f2
thm_10_10,ProbabilityTheory/chapter_10/thm_10_10.lean,ProbabilityTheory.chapter_10.thm_10_10,10,613cd5f9e2c9a0aeae3d9323e87cb07ecb73b37ddb6628531deb06943c531c55
thm_10_11,ProbabilityTheory/chapter_10/thm_10_11.lean,ProbabilityTheory.chapter_10.thm_10_11,10,5685f1e8a94d7bbdf0a253da8794029aa296fa51054deddfd708ac39c2e2173c
thm_10_12,ProbabilityTheory/chapter_10/thm_10_12.lean,ProbabilityTheory.chapter_10.thm_10_12,10,8471b2761409f7b35dfd676b5b8d24353fee295c9ca27ddf429a1fb4d6696a1b
thm_10_2,ProbabilityTheory/chapter_10/thm_10_2.lean,ProbabilityTheory.chapter_10.thm_10_2,10,6e817701e73706379e36b899c84bec6bcac0f090c2d90b92b8bdd182e78ffbea
thm_10_3,ProbabilityTheory/chapter_10/thm_10_3.lean,ProbabilityTheory.chapter_10.thm_10_3,10,c74a07f25c74ac17efef0bccb6754324dfe7ceb3ca576935a3b091aae8e84f75
thm_10_4,ProbabilityTheory/chapter_10/thm_10_4.lean,ProbabilityTheory.chapter_10.thm_10_4,10,4f579f26d93ef3a825d22934712896ce48fae7b0710a48a5e557af2f03fff3cd
thm_10_5,ProbabilityTheory/chapter_10/thm_10_5.lean,ProbabilityTheory.chapter_10.thm_10_5,10,9d1b5aaf15d8f4b5884e82306872ef27613ff4fdab9ec62b1ddd7c22f858c093
thm_10_6,ProbabilityTheory/chapter_10/thm_10_6.lean,ProbabilityTheory.chapter_10.thm_10_6,10,f505c0b16c76583553ce5da8187b930ecf8107df4df4d37af89b2b810c740a2e
thm_10_7,ProbabilityTheory/chapter_10/thm_10_7.lean,ProbabilityTheory.chapter_10.thm_10_7,10,7d9e25c5abcdf71b18ae81bca8d8453c947dd63e78f89f67b6238275b0ae013a
thm_10_8,ProbabilityTheory/chapter_10/thm_10_8.lean,ProbabilityTheory.chapter_10.thm_10_8,10,fec4e768d289ae850b516eba230b3e568dad1bc6396bc8d8b8114039ed7660d3
thm_10_8_inverse_comparison,ProbabilityTheory/chapter_10/thm_10_8_inverse_comparison.lean,ProbabilityTheory.chapter_10.thm_10_8_inverse_comparison,10,a3d63a4694961835d57d07debba7816afab1644571b3b6e8b2e0938a61bb2f31
thm_10_8_quantile_convergence,ProbabilityTheory/chapter_10/thm_10_8_quantile_convergence.lean,ProbabilityTheory.chapter_10.thm_10_8_quantile_convergence,10,120826f22a4d1f60fd3e3d01c5cef4a55dea481c131586c32aacc47c25d65677
thm_10_8_quantile_defs,ProbabilityTheory/chapter_10/thm_10_8_quantile_defs.lean,ProbabilityTheory.chapter_10.thm_10_8_quantile_defs,10,67ef628e4f4c0ed658cc8db97c7dcf9dbc5f3a73c6b415b44c62a99c0f799f8d
thm_10_8_quantile_law,ProbabilityTheory/chapter_10/thm_10_8_quantile_law.lean,ProbabilityTheory.chapter_10.thm_10_8_quantile_law,10,c3aad8d5154a630f2e176266f41f5bb60951fa0640c71e1a9f22a184cee9c8fb
thm_10_8_quantile_space,ProbabilityTheory/chapter_10/thm_10_8_quantile_space.lean,ProbabilityTheory.chapter_10.thm_10_8_quantile_space,10,e0eeb8fd197022d289eebcc8eb690ab16df12e2b86b95356208ee53579f9dcd4
thm_10_9,ProbabilityTheory/chapter_10/thm_10_9.lean,ProbabilityTheory.chapter_10.thm_10_9,10,5a9a2d259997613cb0994222f3440c3dc79d391adf79de51cfb5d1098e9a2f30
thm_11_1,ProbabilityTheory/chapter_11/thm_11_1.lean,ProbabilityTheory.chapter_11.thm_11_1,11,492d35bcf596022d24835644e264901e79ebda34a9b1a92abe8355e410788b26
thm_11_2,ProbabilityTheory/chapter_11/thm_11_2.lean,ProbabilityTheory.chapter_11.thm_11_2,11,84ce59687959fea8e4f1633593552d4c355848aea9b26bf7c9e0905dfdf58da5
thm_11_3,ProbabilityTheory/chapter_11/thm_11_3.lean,ProbabilityTheory.chapter_11.thm_11_3,11,495203645c0802b1b9828c1194f7ca71cd411120b4fb6dc21293d44cbc0e2562
thm_11_4,ProbabilityTheory/chapter_11/thm_11_4.lean,ProbabilityTheory.chapter_11.thm_11_4,11,d6c6d1e143d1cd4386870c7a60f786af8a7e4c37065b70d22f6a645be40661a4
thm_11_5,ProbabilityTheory/chapter_11/thm_11_5.lean,ProbabilityTheory.chapter_11.thm_11_5,11,dbcd7f8e3ee6eedfbe30307a18eea3d4a38baca79816904261961572196303e9
thm_11_6,ProbabilityTheory/chapter_11/thm_11_6.lean,ProbabilityTheory.chapter_11.thm_11_6,11,295d473b15bbdf5874f8b32e9da0ddfe9aeac9fcbf3a8f3d8a1a4b169dda8de3
thm_11_7,ProbabilityTheory/chapter_11/thm_11_7.lean,ProbabilityTheory.chapter_11.thm_11_7,11,a938090869e2e0ac9e94fa12bf0b544565190e43d165208182ddc261ff5189f4
thm_11_7_support,ProbabilityTheory/chapter_11/thm_11_7_support.lean,ProbabilityTheory.chapter_11.thm_11_7_support,11,fe3867ca3c18250e8972956010f16fcb8c08c1ce8fdd77b48442d975fee73b53
thm_11_8,ProbabilityTheory/chapter_11/thm_11_8.lean,ProbabilityTheory.chapter_11.thm_11_8,11,70761918ea1535565c31c2f6d75a7566a9fb175521f18d428172f84aa78fb689
thm_12_1,ProbabilityTheory/chapter_12/thm_12_1.lean,ProbabilityTheory.chapter_12.thm_12_1,12,2db743b2d8a0cadf69289da81392b303d463f1133fb41eb40339412c63587677
thm_12_2,ProbabilityTheory/chapter_12/thm_12_2.lean,ProbabilityTheory.chapter_12.thm_12_2,12,3a546524886a4bbff1215cc1485fda8500423461bb429f7ee6351337223bfeef
thm_12_3,ProbabilityTheory/chapter_12/thm_12_3.lean,ProbabilityTheory.chapter_12.thm_12_3,12,bb45ed2f60f2671b486d9db3f54a7c3815c446acf3468422ace4d1a780d322a7
thm_12_4,ProbabilityTheory/chapter_12/thm_12_4.lean,ProbabilityTheory.chapter_12.thm_12_4,12,54aa86d2a94bcce94c59f33362cdc7f502b7c5aac823601887bd3199e072315f
thm_12_5,ProbabilityTheory/chapter_12/thm_12_5.lean,ProbabilityTheory.chapter_12.thm_12_5,12,7bd6465dd87bace7b7d558437c68e60d4a161b1bc0885f9a05eda7188e1c0d91
thm_12_6,ProbabilityTheory/chapter_12/thm_12_6.lean,ProbabilityTheory.chapter_12.thm_12_6,12,e66fcb3b648e76dc57af39f2a261ac649e709ab46df6e6b65a3a2438eb020bbb
thm_13_1,ProbabilityTheory/chapter_13/thm_13_1.lean,ProbabilityTheory.chapter_13.thm_13_1,13,8273a2d55a3da1fdf029913fa093812b760cac022e7757bbac7f527f20ae37a2
thm_13_10,ProbabilityTheory/chapter_13/thm_13_10.lean,ProbabilityTheory.chapter_13.thm_13_10,13,fa3fbc133fac97b52de27c2c41fceb68a5d3a221b8b3e00e03cce4370099d56d
thm_13_11,ProbabilityTheory/chapter_13/thm_13_11.lean,ProbabilityTheory.chapter_13.thm_13_11,13,960c03be7fbb7a74bc165f5fd1a9674c39109d64bad78f274b7e03330e18aa8e
thm_13_12,ProbabilityTheory/chapter_13/thm_13_12.lean,ProbabilityTheory.chapter_13.thm_13_12,13,c83113e8b7b2f2884f2ac68a2e31a18e11ace1e134d98788b9c6eb0f51f64ab0
thm_13_12_support,ProbabilityTheory/chapter_13/thm_13_12_support.lean,ProbabilityTheory.chapter_13.thm_13_12_support,13,c45fc4e23ecaa25bd6269e9b91e9bb3c0a498c7a71188162a037b9ac012d1392
thm_13_13,ProbabilityTheory/chapter_13/thm_13_13.lean,ProbabilityTheory.chapter_13.thm_13_13,13,71b3ad6fc81c469ea5fac1cdd4451ca9e7c6f415674a9b3d4db203f7e6bf718b
thm_13_14,ProbabilityTheory/chapter_13/thm_13_14.lean,ProbabilityTheory.chapter_13.thm_13_14,13,8e7f2b253af8dce576f362ea905670b75a1a02f5d4e8ccc4321e452d4c8e28de
thm_13_14_support,ProbabilityTheory/chapter_13/thm_13_14_support.lean,ProbabilityTheory.chapter_13.thm_13_14_support,13,70797dd8aaeda000a1cc9a795af2286bb57279adc5a91f800ba8a122d1a02cd1
thm_13_15,ProbabilityTheory/chapter_13/thm_13_15.lean,ProbabilityTheory.chapter_13.thm_13_15,13,694190a38044b650e3ae723a1c7a72521b5e86b312bf2ab07392791768106876
thm_13_16,ProbabilityTheory/chapter_13/thm_13_16.lean,ProbabilityTheory.chapter_13.thm_13_16,13,22fc8c2538436a2e3a2b3e0f2a11374fc0bbdd92fef0c6bfa02445572596bc3e
thm_13_17,ProbabilityTheory/chapter_13/thm_13_17.lean,ProbabilityTheory.chapter_13.thm_13_17,13,1b16cab03a99be9e39b81580415c54a9226c06366458192df22063df8f7c3a4e
thm_13_18,ProbabilityTheory/chapter_13/thm_13_18.lean,ProbabilityTheory.chapter_13.thm_13_18,13,47102df9c79204e576b9af1b75f048cd527587d759de3ccb84f656ee09b5c1bb
thm_13_18_support,ProbabilityTheory/chapter_13/thm_13_18_support.lean,ProbabilityTheory.chapter_13.thm_13_18_support,13,d0869af492eb905a07a26b3dbd6302d05faa5d2e8266b86d83609d5ebddeed83
thm_13_2,ProbabilityTheory/chapter_13/thm_13_2.lean,ProbabilityTheory.chapter_13.thm_13_2,13,cac17b77fad30364b836d4182781468ea519af751e64b4acf8708f03c17169ca
thm_13_3,ProbabilityTheory/chapter_13/thm_13_3.lean,ProbabilityTheory.chapter_13.thm_13_3,13,dd4b44159d1cc66f297a09b65cdeef59c3303fec5559dd816983b21a037a5b05
thm_13_3_l2_support,ProbabilityTheory/chapter_13/thm_13_3_l2_support.lean,ProbabilityTheory.chapter_13.thm_13_3_l2_support,13,2a5006cdff4a3ad791a0ffccb1d1e85798fc309b475cbe6473b18cd862eb9c29
thm_13_4,ProbabilityTheory/chapter_13/thm_13_4.lean,ProbabilityTheory.chapter_13.thm_13_4,13,eb9e4bcd29b3589d216331e03ed9ca38ae5c48dc4afc41aedc8901955dc4c1f0
thm_13_5,ProbabilityTheory/chapter_13/thm_13_5.lean,ProbabilityTheory.chapter_13.thm_13_5,13,129c4e6350c880aebed7ce273782a36242ab3f9740471a739ec3a8cea1ed70a3
thm_13_6,ProbabilityTheory/chapter_13/thm_13_6.lean,ProbabilityTheory.chapter_13.thm_13_6,13,eea30dc56b95501ad483c0bad3aa060f74fee9fbc81a4448ddcfeea651fc9a4f
thm_13_7,ProbabilityTheory/chapter_13/thm_13_7.lean,ProbabilityTheory.chapter_13.thm_13_7,13,13d4e05526f8d4d38c12e78b99b999f494e85ca9c0c6153b8d4e199ee4843d16
thm_13_8,ProbabilityTheory/chapter_13/thm_13_8.lean,ProbabilityTheory.chapter_13.thm_13_8,13,deb4630772ef103c40b7acbc0ad91e0977e39b85e11310a9230cfe6c9bda8d20
thm_13_9,ProbabilityTheory/chapter_13/thm_13_9.lean,ProbabilityTheory.chapter_13.thm_13_9,13,add8356e0de32ef9ffd9e2cd7a189bbd7a4bd22afaa26473196339a95ea5602c
thm_14_1,ProbabilityTheory/chapter_14/thm_14_1.lean,ProbabilityTheory.chapter_14.thm_14_1,14,a5defe87fff45639114602286c11643ad0ac0809c19d51fadf68d81bbf582066
thm_14_2,ProbabilityTheory/chapter_14/thm_14_2.lean,ProbabilityTheory.chapter_14.thm_14_2,14,2c55d044f078bc807508681c96573be33e631bee085c8737909f4b07808b13c8
thm_14_3,ProbabilityTheory/chapter_14/thm_14_3.lean,ProbabilityTheory.chapter_14.thm_14_3,14,4c205531e5a2d564118bf63d6585d2abf9a782ea6b095286c40a430c881e1fef
thm_14_4,ProbabilityTheory/chapter_14/thm_14_4.lean,ProbabilityTheory.chapter_14.thm_14_4,14,36111dd30df4ddea547b5f06b31fdd70f091c5e4c5671d2414807b70d3d95cec
thm_14_4_density_support,ProbabilityTheory/chapter_14/thm_14_4_density_support.lean,ProbabilityTheory.chapter_14.thm_14_4_density_support,14,d74a310c90d40884368021848123a3c92d1d431541f36bba253374aa35df9325
thm_14_4_dominating_measure,ProbabilityTheory/chapter_14/thm_14_4_dominating_measure.lean,ProbabilityTheory.chapter_14.thm_14_4_dominating_measure,14,219c99e424ef9a44f331ca248506b7e5bee11dc6977f3a72200e2bd5d2e8e2ef
thm_14_5,ProbabilityTheory/chapter_14/thm_14_5.lean,ProbabilityTheory.chapter_14.thm_14_5,14,5e909c1bf5d7159ac458e3d59a5ac162a94b7b0672f84edb8b5e1b93481b0384
thm_14_5_support,ProbabilityTheory/chapter_14/thm_14_5_support.lean,ProbabilityTheory.chapter_14.thm_14_5_support,14,7e68d2797619f05aed7e63909afcaf42b5a36b8606302e8ed036945fbedf1e5b
thm_14_6,ProbabilityTheory/chapter_14/thm_14_6.lean,ProbabilityTheory.chapter_14.thm_14_6,14,48eb9cd510fe1ee0aed3279597ca526728a4af7850add154428c5ee2aba68b6b
thm_14_7,ProbabilityTheory/chapter_14/thm_14_7.lean,ProbabilityTheory.chapter_14.thm_14_7,14,1b61df2dfeb381e62d5b3d6fbb8bc9d2837797bc756b74bd668d21c3a31509a7
thm_14_7_support,ProbabilityTheory/chapter_14/thm_14_7_support.lean,ProbabilityTheory.chapter_14.thm_14_7_support,14,b4cb5f1b3cb627524c160d78b0a0068351e856a3ef0a38273f7f5bac68613294
thm_14_8,ProbabilityTheory/chapter_14/thm_14_8.lean,ProbabilityTheory.chapter_14.thm_14_8,14,1041fc84468b1abb7db50f6473f5812bd44c26523cad5d226f1e7c11dd59b608
thm_1_1,ProbabilityTheory/chapter_01/thm_1_1.lean,ProbabilityTheory.chapter_01.thm_1_1,1,eca582cab442b4d00a8f82f093cd4c314d00791b0fbf0d9a568454d216024872
thm_1_1_bad_cells,ProbabilityTheory/chapter_01/thm_1_1_bad_cells.lean,ProbabilityTheory.chapter_01.thm_1_1_bad_cells,1,fd8f6561c124d2847b20f984b60b2b3d45f9a03511a52980d1572fb3727b1d9e
thm_1_1_basic,ProbabilityTheory/chapter_01/thm_1_1_basic.lean,ProbabilityTheory.chapter_01.thm_1_1_basic,1,c9c5818df9c5db404193ff537be37a0cdc0e9023b0558c8b1e5cf541cc5f696a
thm_1_1_common_limit,ProbabilityTheory/chapter_01/thm_1_1_common_limit.lean,ProbabilityTheory.chapter_01.thm_1_1_common_limit,1,73eda1a05c3730923f2e4d988b6b452e077cb8b82a119399147e9ec1c5915311
thm_1_1_common_refinement_monotonicity,ProbabilityTheory/chapter_01/thm_1_1_common_refinement_monotonicity.lean,ProbabilityTheory.chapter_01.thm_1_1_common_refinement_monotonicity,1,b2fb17518b49a43297440509e2571a025d940968c602328bfbba1d8f88ffd09b
thm_1_1_common_refinement_points,ProbabilityTheory/chapter_01/thm_1_1_common_refinement_points.lean,ProbabilityTheory.chapter_01.thm_1_1_common_refinement_points,1,bfbfd44e8ce1e4c32a0c80e22669937365917cbf247b947ce30b10ac930087ef
thm_1_1_darboux_gap,ProbabilityTheory/chapter_01/thm_1_1_darboux_gap.lean,ProbabilityTheory.chapter_01.thm_1_1_darboux_gap,1,72f8d4057c7e45b4e4f778f6fc97854946611ba9b3d6d1a8ffe93a31c7c41209
thm_1_1_finite_discontinuity,ProbabilityTheory/chapter_01/thm_1_1_finite_discontinuity.lean,ProbabilityTheory.chapter_01.thm_1_1_finite_discontinuity,1,77e2b362440a164c20a1111fa7b795252b90dd6c0b3e1acdee36500fbf4dedf7
thm_1_1_oscillation_basic,ProbabilityTheory/chapter_01/thm_1_1_oscillation_basic.lean,ProbabilityTheory.chapter_01.thm_1_1_oscillation_basic,1,451cd6dc93097e6c98db8837b9c26ecfc8f3e26305d5379ec8aff5bed4a91b6f
thm_1_2,ProbabilityTheory/chapter_01/thm_1_2.lean,ProbabilityTheory.chapter_01.thm_1_2,1,a5117233612fe20c76a85b52237302073e625995e1b5525004b61311e84ae335
thm_1_2_4,ProbabilityTheory/chapter_01/thm_1_2_4.lean,ProbabilityTheory.chapter_01.thm_1_2_4,1,b999871cfb287b75fb1c2eb38c341ad10b54e4f9e2cc7f185a64c8c91f9cdab0
thm_1_3,ProbabilityTheory/chapter_01/thm_1_3.lean,ProbabilityTheory.chapter_01.thm_1_3,1,b3da5e1a392d06ca190baa98dec21fbe0cdf672ad3c57c9999c9fb940bc56e34
thm_1_4,ProbabilityTheory/chapter_01/thm_1_4.lean,ProbabilityTheory.chapter_01.thm_1_4,1,7d0caa81bb27b3fbfde57e89b680fc0cd444f18783bb67ee87def4695a91a9cf
thm_2_1,ProbabilityTheory/chapter_02/thm_2_1.lean,ProbabilityTheory.chapter_02.thm_2_1,2,3f786c4331d768d6c9424a3fb57d2ab0e82585133aa1de50780669c63d135cfe
thm_2_2,ProbabilityTheory/chapter_02/thm_2_2.lean,ProbabilityTheory.chapter_02.thm_2_2,2,d7d4281f7e74fb930e32c2b319086dc050e219912f5402f6cc856c583e6ada54
thm_2_3,ProbabilityTheory/chapter_02/thm_2_3.lean,ProbabilityTheory.chapter_02.thm_2_3,2,5d94e26832b99121b6d0ecde93ab495478fd7b0c9a5fda2a1a91fb7e3767bd48
thm_2_4,ProbabilityTheory/chapter_02/thm_2_4.lean,ProbabilityTheory.chapter_02.thm_2_4,2,0abac869fe5e5a7f134ad5459f094b0a1abc6ae6f4ae94167fdf9250b07dbd14
thm_2_5,ProbabilityTheory/chapter_02/thm_2_5.lean,ProbabilityTheory.chapter_02.thm_2_5,2,7b5e1505477aa73e87065d340c038b6c11f412dae9222d52e599039fb301bd46
thm_2_6,ProbabilityTheory/chapter_02/thm_2_6.lean,ProbabilityTheory.chapter_02.thm_2_6,2,f7f9b5474f59d2a72a09c96237114364124f10ec82b0bae7fb64fd1c25c5ab0a
thm_2_7,ProbabilityTheory/chapter_02/thm_2_7.lean,ProbabilityTheory.chapter_02.thm_2_7,2,e0e94d421d6c4d16859e4e43843eff0a0c625f5ff4fdf393c4f33a6e8ce9dbae
thm_2_8,ProbabilityTheory/chapter_02/thm_2_8.lean,ProbabilityTheory.chapter_02.thm_2_8,2,610cc2e50b4580c17fd0c2fd73c5ec4095024263f2003e34b0682a587c9c647b
thm_2_9,ProbabilityTheory/chapter_02/thm_2_9.lean,ProbabilityTheory.chapter_02.thm_2_9,2,a4adc55a0591f9686a8e441b1c52173e2045ca47bbe9e021354b4a331f36ed5f
thm_3_1,ProbabilityTheory/chapter_03/thm_3_1.lean,ProbabilityTheory.chapter_03.thm_3_1,3,c8ca43ed43e8dfa9aeac41bb01e9bcfc40b64bbec8e7953ab1314c5e43b26ed7
thm_3_2,ProbabilityTheory/chapter_03/thm_3_2.lean,ProbabilityTheory.chapter_03.thm_3_2,3,618981774fa74d2fed99c84f06c8a536c78baa714314bf0bd5ed67564a815c24
thm_3_3,ProbabilityTheory/chapter_03/thm_3_3.lean,ProbabilityTheory.chapter_03.thm_3_3,3,febf3a21ab48a1ec18e379723691c5c2cb2e679fde4faba11273d6efcd2c98d4
thm_3_4,ProbabilityTheory/chapter_03/thm_3_4.lean,ProbabilityTheory.chapter_03.thm_3_4,3,433a18825a3f56f24460022cc8e4fc879af8a1793eddfeae9273c37efc92d653
thm_3_5,ProbabilityTheory/chapter_03/thm_3_5.lean,ProbabilityTheory.chapter_03.thm_3_5,3,cf2f793a72d875bc1c302b1ea0c3c142453a3c4ca242325b00db9ddb276d25ea
thm_3_6,ProbabilityTheory/chapter_03/thm_3_6.lean,ProbabilityTheory.chapter_03.thm_3_6,3,934243673fcaa68125973a53542596c59fb3fd92363d3c56d6380475ec9f9897
thm_3_7,ProbabilityTheory/chapter_03/thm_3_7.lean,ProbabilityTheory.chapter_03.thm_3_7,3,350dad291cd52aba66e8b37c034f0fa67c757f4eb6be0181fa549c74dde943e7
thm_3_8,ProbabilityTheory/chapter_03/thm_3_8.lean,ProbabilityTheory.chapter_03.thm_3_8,3,4b212643d242be99da8972357ecd7a3da38ec686e04a45b3461e634bbdab9fec
thm_3_9,ProbabilityTheory/chapter_03/thm_3_9.lean,ProbabilityTheory.chapter_03.thm_3_9,3,cd93efd466f2fcdfc6667f17b3f1d8d9ea75d1615b292d0b7de1801348da3275
thm_4_1,ProbabilityTheory/chapter_04/thm_4_1.lean,ProbabilityTheory.chapter_04.thm_4_1,4,23c7c853f26498d4c1cb342f27046cac6d7e172544891036fd6e91d6eadc81c1
thm_4_2,ProbabilityTheory/chapter_04/thm_4_2.lean,ProbabilityTheory.chapter_04.thm_4_2,4,57ade5ef63e851a16c8148e2c718de2b5b1f0dc81d0444e0f4e00893825a065d
thm_4_3,ProbabilityTheory/chapter_04/thm_4_3.lean,ProbabilityTheory.chapter_04.thm_4_3,4,46424864763445c24f3465a3b14d859b9b9aa7b376e504cf68c09d0de6a47044
thm_4_4,ProbabilityTheory/chapter_04/thm_4_4.lean,ProbabilityTheory.chapter_04.thm_4_4,4,07780ab9376c5f95a6c266501b5142eacf4225838cd0a32d64545eef13fc0457
thm_4_5,ProbabilityTheory/chapter_04/thm_4_5.lean,ProbabilityTheory.chapter_04.thm_4_5,4,89bc3a7d91f1aff6a18100dc687df65663e7e9a0038bc8c8bdfa4d4d2dc07b8e
thm_4_6,ProbabilityTheory/chapter_04/thm_4_6.lean,ProbabilityTheory.chapter_04.thm_4_6,4,000e82b9e61e4cab7cc9b3fb2f4e18971eba62270ab0e10e0ce69e919afec9fb
thm_4_7,ProbabilityTheory/chapter_04/thm_4_7.lean,ProbabilityTheory.chapter_04.thm_4_7,4,1f2da33a45fd92f5a94326363d21f8f3df2be3dd80f11622a0e838ac4e8ad1c2
thm_4_8,ProbabilityTheory/chapter_04/thm_4_8.lean,ProbabilityTheory.chapter_04.thm_4_8,4,d38aad33637431903e7c7e1995ffea16629aed4e0f6a6dcfb96b38317807ba2d
thm_5_1,ProbabilityTheory/chapter_05/thm_5_1.lean,ProbabilityTheory.chapter_05.thm_5_1,5,38dc828ee6bf883c9569ee4c8a499d9b0bb4a61915e8b9062bfc5d9eb99774cc
thm_5_10,ProbabilityTheory/chapter_05/thm_5_10.lean,ProbabilityTheory.chapter_05.thm_5_10,5,104ff3970edc0bc5368b900795e763e120ca764a1d550d259cce745775d4e15b
thm_5_11,ProbabilityTheory/chapter_05/thm_5_11.lean,ProbabilityTheory.chapter_05.thm_5_11,5,eeed1041f289cd4bd2b5cfa3811e0d12cf3bec4fcb9c7b083fa415a66a626377
thm_5_2,ProbabilityTheory/chapter_05/thm_5_2.lean,ProbabilityTheory.chapter_05.thm_5_2,5,103b22bd547b4bce1b2c82c7b66d529e82bbb82b4eee99ae9a829b4ad26c5e0c
thm_5_3,ProbabilityTheory/chapter_05/thm_5_3.lean,ProbabilityTheory.chapter_05.thm_5_3,5,99a2ad1053a1893c2ee051823540fc3dc13e4e926ada08350909dc7f43ef4ba4
thm_5_4,ProbabilityTheory/chapter_05/thm_5_4.lean,ProbabilityTheory.chapter_05.thm_5_4,5,b68427569bbe4429c72e77a3c849af21bf1ae57041b0dfd33c0f14eb9f8fa3d0
thm_5_5,ProbabilityTheory/chapter_05/thm_5_5.lean,ProbabilityTheory.chapter_05.thm_5_5,5,c6f6ae6a928574c38e4f33c4562bde77db17c3d8d2d4b87f0ff863bbbc7cc829
thm_5_6,ProbabilityTheory/chapter_05/thm_5_6.lean,ProbabilityTheory.chapter_05.thm_5_6,5,dafb5f92117731591366c1fcd1d03511441486fb947b656ec3218a66f8c3467b
thm_5_7,ProbabilityTheory/chapter_05/thm_5_7.lean,ProbabilityTheory.chapter_05.thm_5_7,5,3aa2aec91220368fc10b03fe739de81c355bba1a25f997f8b2e0431a018e3e4b
thm_5_8,ProbabilityTheory/chapter_05/thm_5_8.lean,ProbabilityTheory.chapter_05.thm_5_8,5,44ee59b6cdce2ab6699606de5037b64611adf3470e8397de4842639f95ecb80c
thm_5_9,ProbabilityTheory/chapter_05/thm_5_9.lean,ProbabilityTheory.chapter_05.thm_5_9,5,651fa37e3095367309440b1f6d609d0d1df0fb73446b6835df28795383541105
thm_6_1,ProbabilityTheory/chapter_06/thm_6_1.lean,ProbabilityTheory.chapter_06.thm_6_1,6,d55d17dac1165275067506db623550961b53548dbe5c70f70e8d9a5128d8b726
thm_6_2,ProbabilityTheory/chapter_06/thm_6_2.lean,ProbabilityTheory.chapter_06.thm_6_2,6,7a6dc9173453ad2e31f3f6723168b7b9e262166ddcb73a08310e92f4a380d271
thm_6_3,ProbabilityTheory/chapter_06/thm_6_3.lean,ProbabilityTheory.chapter_06.thm_6_3,6,c528790c8b74b84369207f4d3ad3525ef1c59aac9628b45e8076355e177a9541
thm_6_4,ProbabilityTheory/chapter_06/thm_6_4.lean,ProbabilityTheory.chapter_06.thm_6_4,6,55ff548584c997995c76544d2ffeb2af4a398225d110d9e237d2f88b52555a43
thm_6_5,ProbabilityTheory/chapter_06/thm_6_5.lean,ProbabilityTheory.chapter_06.thm_6_5,6,c613e188a42213eb9bc9129ca82d403421a8e37add32f702391605f19c1b35e8
thm_6_6,ProbabilityTheory/chapter_06/thm_6_6.lean,ProbabilityTheory.chapter_06.thm_6_6,6,b004f7c847f4e44fb6fac229c2c007d4fd6a4a99e21fb4ad2661d8e6db0f4cc5
thm_6_7,ProbabilityTheory/chapter_06/thm_6_7.lean,ProbabilityTheory.chapter_06.thm_6_7,6,14b8e9f3be1874fb8a72b9bf94cc6b2567bd4f685959095c5a54c993eda34bc3
thm_6_7__lemma_1,ProbabilityTheory/chapter_06/thm_6_7__lemma_1.lean,ProbabilityTheory.chapter_06.thm_6_7__lemma_1,6,784f13a4445fe591f9e5e8a5200d54fe11f49a69007893670703923d55173d8c
thm_7_1,ProbabilityTheory/chapter_07/thm_7_1.lean,ProbabilityTheory.chapter_07.thm_7_1,7,6e17ca5ae08f344be75d542bdba21b1184fafdd2aeb72571b066022e9ab33bdf
thm_7_10,ProbabilityTheory/chapter_07/thm_7_10.lean,ProbabilityTheory.chapter_07.thm_7_10,7,604031edbdefe692fe0964a2be373cd905dfd76ce8023f2cc79917ed3a892d32
thm_7_11,ProbabilityTheory/chapter_07/thm_7_11.lean,ProbabilityTheory.chapter_07.thm_7_11,7,e9ed416f6c654a8b9a180a84a0c0f573f32506718c2e5efb3fa1a42f54d5b5af
thm_7_12,ProbabilityTheory/chapter_07/thm_7_12.lean,ProbabilityTheory.chapter_07.thm_7_12,7,dfdda50a24e3f06b91a2342392b101a8408d5160620743d43aadca236f6ee405
thm_7_13,ProbabilityTheory/chapter_07/thm_7_13.lean,ProbabilityTheory.chapter_07.thm_7_13,7,c355d7ca2e310e37f67c283f11de1c3300c6087ed46bc5cb9babf8ac2fac8523
thm_7_2,ProbabilityTheory/chapter_07/thm_7_2.lean,ProbabilityTheory.chapter_07.thm_7_2,7,4e1ec439d1584f0cc5e02b47b7bd5448903754d9adc7609bd7656df4dd6eac0e
thm_7_3,ProbabilityTheory/chapter_07/thm_7_3.lean,ProbabilityTheory.chapter_07.thm_7_3,7,08e2569fa1e70c1bd85878b24bdb419a08f47638456f2543311be5bc20657aa1
thm_7_4,ProbabilityTheory/chapter_07/thm_7_4.lean,ProbabilityTheory.chapter_07.thm_7_4,7,9f758e8feea9d924c9452f866e739503fbbe10e2d960542245f3b48bdae2fb3b
thm_7_5,ProbabilityTheory/chapter_07/thm_7_5.lean,ProbabilityTheory.chapter_07.thm_7_5,7,adf8be49b031e253b8f27a4ea50fbb616cca834b4db6bd909e4af98a960aaa9b
thm_7_6,ProbabilityTheory/chapter_07/thm_7_6.lean,ProbabilityTheory.chapter_07.thm_7_6,7,959e7f563cdd0bfdf14f6523d2516d9c964615cce629bf49a041ff463947f9bc
thm_7_7,ProbabilityTheory/chapter_07/thm_7_7.lean,ProbabilityTheory.chapter_07.thm_7_7,7,8d7860950965b47c5e669a684de14c666c6efd0ab92a35ef72ee9a08d22bd60c
thm_7_8,ProbabilityTheory/chapter_07/thm_7_8.lean,ProbabilityTheory.chapter_07.thm_7_8,7,e3656a7fc97a7e9c10d0afb26d03eb6fc3cf8a41ec0156cac181712204cb0195
thm_7_8_ioc_bounded_bridge_support,ProbabilityTheory/chapter_07/thm_7_8_ioc_bounded_bridge_support.lean,ProbabilityTheory.chapter_07.thm_7_8_ioc_bounded_bridge_support,7,174c70b252c2a7540d8f9cabcb8f06318c68d08691f9dc9e5f41b242639f82e4
thm_7_8_ioc_bridge_support,ProbabilityTheory/chapter_07/thm_7_8_ioc_bridge_support.lean,ProbabilityTheory.chapter_07.thm_7_8_ioc_bridge_support,7,5a63582f045a177661c198c9cb9d162b0938169977e7fbc4db48eb75089403c0
thm_7_8_sandwich_support,ProbabilityTheory/chapter_07/thm_7_8_sandwich_support.lean,ProbabilityTheory.chapter_07.thm_7_8_sandwich_support,7,22aa6fe44f17f5ac2178b1781ddc93cbc81a4ecf0c3a4b185e56178d52921f1a
thm_7_9,ProbabilityTheory/chapter_07/thm_7_9.lean,ProbabilityTheory.chapter_07.thm_7_9,7,5c7bfea1180d1de882ad781e2214b45186fd4a5400aee4c79d27a736a34592b2
thm_7_9_bounded_finite_bridge_support,ProbabilityTheory/chapter_07/thm_7_9_bounded_finite_bridge_support.lean,ProbabilityTheory.chapter_07.thm_7_9_bounded_finite_bridge_support,7,812c96c9eaefd3dc1d66c478add295c18f6d06be70b5913f52e5c1fd37e22c76
thm_7_9_dct_support,ProbabilityTheory/chapter_07/thm_7_9_dct_support.lean,ProbabilityTheory.chapter_07.thm_7_9_dct_support,7,a601d6d1a8518baa7929427bbbd4399bbacc9fcaabef58a34794ef9e88da0c42
thm_7_9_double_filter_support,ProbabilityTheory/chapter_07/thm_7_9_double_filter_support.lean,ProbabilityTheory.chapter_07.thm_7_9_double_filter_support,7,60cd225f7e14e4ce15759719cfbb31276ea3d0839b2d9b61c87d94fdee2f5fab
thm_7_9_endpoint_support,ProbabilityTheory/chapter_07/thm_7_9_endpoint_support.lean,ProbabilityTheory.chapter_07.thm_7_9_endpoint_support,7,fdd8c80e2b48d3775e972e9a6bc3b720541b7b19d40bdd2f2a6c8521c4fafdb9
thm_7_9_filter_support,ProbabilityTheory/chapter_07/thm_7_9_filter_support.lean,ProbabilityTheory.chapter_07.thm_7_9_filter_support,7,d05aa1f410bf762e23de27ae267df1c1ba7039f588c9b6b8b48ace71ed76c123
thm_7_9_finite_abs_bridge_support,ProbabilityTheory/chapter_07/thm_7_9_finite_abs_bridge_support.lean,ProbabilityTheory.chapter_07.thm_7_9_finite_abs_bridge_support,7,66b5386c7a73d5df6ca5018685f8079b7ca3a5c6daee92eaa478b4610ba8d0f6
thm_7_9_improper_filter_support,ProbabilityTheory/chapter_07/thm_7_9_improper_filter_support.lean,ProbabilityTheory.chapter_07.thm_7_9_improper_filter_support,7,1b9571567d5dc0aebc902e0210e6fa4a632a5584d235823c15461f130f388966
thm_7_9_mct_support,ProbabilityTheory/chapter_07/thm_7_9_mct_support.lean,ProbabilityTheory.chapter_07.thm_7_9_mct_support,7,20e9faf001774a3ccfbaac4d32e81a574de8e9ff9529c869b02fa783aade64fc
thm_7_9_piecewise_regular_support,ProbabilityTheory/chapter_07/thm_7_9_piecewise_regular_support.lean,ProbabilityTheory.chapter_07.thm_7_9_piecewise_regular_support,7,2cc1b8eedac41423d13b8ead2a243501dd788b9614c4498cb81a33ebf8e7d28a
thm_7_9_regularity_support,ProbabilityTheory/chapter_07/thm_7_9_regularity_support.lean,ProbabilityTheory.chapter_07.thm_7_9_regularity_support,7,44ecb657519598a432e48d15f5a6e1a73c42161bad205e10112bff1bb73db8a9
thm_7_9_reverse_bound_support,ProbabilityTheory/chapter_07/thm_7_9_reverse_bound_support.lean,ProbabilityTheory.chapter_07.thm_7_9_reverse_bound_support,7,04951e6d6cbf4332a788f659334861b78b0ce46ba274fa0ca2b97c85c7b995ba
thm_7_9_truncation_support,ProbabilityTheory/chapter_07/thm_7_9_truncation_support.lean,ProbabilityTheory.chapter_07.thm_7_9_truncation_support,7,10634fed7be5ef56aac74f5434a85cee56433be5cba988af6d1c01e76d3a6042
thm_7_9_value_support,ProbabilityTheory/chapter_07/thm_7_9_value_support.lean,ProbabilityTheory.chapter_07.thm_7_9_value_support,7,99c142165abe4570b8edd680cb1c71c228a4c2031f81502553e1c9275a273686
thm_8_1,ProbabilityTheory/chapter_08/thm_8_1.lean,ProbabilityTheory.chapter_08.thm_8_1,8,61d5a35ad34c57514511e18a8707646a69feb908187d4718340bf5f793f571b8
thm_8_2,ProbabilityTheory/chapter_08/thm_8_2.lean,ProbabilityTheory.chapter_08.thm_8_2,8,ca57f25b23e6ee833f72b76aa009a920c892aafd01036fef9aa02bd072a2d51d
thm_8_3,ProbabilityTheory/chapter_08/thm_8_3.lean,ProbabilityTheory.chapter_08.thm_8_3,8,fd0854013d4544999c3e05ee2916b1615ad31a9a71b2aae0135c56deeac96bd1
thm_8_4,ProbabilityTheory/chapter_08/thm_8_4.lean,ProbabilityTheory.chapter_08.thm_8_4,8,50786ed4140604bc62a45a262ad392a8039f3a871191b8969586664311fa95eb
thm_8_5,ProbabilityTheory/chapter_08/thm_8_5.lean,ProbabilityTheory.chapter_08.thm_8_5,8,ed08b40ea17ed71b1da9658638a32e99c5b6d4383cb029bd419e3d4db86e6631
thm_8_6,ProbabilityTheory/chapter_08/thm_8_6.lean,ProbabilityTheory.chapter_08.thm_8_6,8,63ef031b050fb131528b27ead362942d27ab1d5469421ecc8b137a97d420a4e6
thm_8_7,ProbabilityTheory/chapter_08/thm_8_7.lean,ProbabilityTheory.chapter_08.thm_8_7,8,17aec0df2c98d153f3930c63a20da76a21f69fbc4606fc073344a4dd45780451
thm_9_1,ProbabilityTheory/chapter_09/thm_9_1.lean,ProbabilityTheory.chapter_09.thm_9_1,9,ccdc642fd937ccf7122b7111979cfff9eb981d68ce3c7f9e094bb487774a41a4
thm_9_2,ProbabilityTheory/chapter_09/thm_9_2.lean,ProbabilityTheory.chapter_09.thm_9_2,9,3c690695cbe7aeaa01e41bb30933b7848951b816eadb584d985d948ebb4deea4
thm_9_3,ProbabilityTheory/chapter_09/thm_9_3.lean,ProbabilityTheory.chapter_09.thm_9_3,9,2f2e0e5d4b97009b46fdd2e37f9b1cec10ab019a1ac0c70837c9de36f40a7ff5
thm_9_4,ProbabilityTheory/chapter_09/thm_9_4.lean,ProbabilityTheory.chapter_09.thm_9_4,9,3c9397edb1bac900a026b6b25a3d90f328163731dda9d754790baa127e263dd3
thm_9_5,ProbabilityTheory/chapter_09/thm_9_5.lean,ProbabilityTheory.chapter_09.thm_9_5,9,9c1ba670f930087af776691068dc75abc7132bda977253f55ee0c066a9ccc430
thm_9_5_dirichlet,ProbabilityTheory/chapter_09/thm_9_5_dirichlet.lean,ProbabilityTheory.chapter_09.thm_9_5_dirichlet,9,84fc60ab4e43562760ae7b61eaa795a4110cd2089fe18d7756c01a5700c5fab3
thm_9_5_fubini,ProbabilityTheory/chapter_09/thm_9_5_fubini.lean,ProbabilityTheory.chapter_09.thm_9_5_fubini,9,56029d0751a2a419af438f8d29d288b87fb573409045d5af39f8259491f36bca
thm_9_5_kernel,ProbabilityTheory/chapter_09/thm_9_5_kernel.lean,ProbabilityTheory.chapter_09.thm_9_5_kernel,9,b437ee7a24bafaf94ff1c028315185d459a980713dbb7fba2bf6923377bbecb2
thm_9_6,ProbabilityTheory/chapter_09/thm_9_6.lean,ProbabilityTheory.chapter_09.thm_9_6,9,52f2b1b85047fea1c2b339110e9e4b2bf00be4dc1a66a1e0a807cb8dcdb108b9
thm_9_7,ProbabilityTheory/chapter_09/thm_9_7.lean,ProbabilityTheory.chapter_09.thm_9_7,9,2342088a0ae9b13703a78901ce78c630b5c66c086a91e1ad3a3c507c0f808076
tv_distance_core,ProbabilityTheory/common_support/tv_distance_core.lean,ProbabilityTheory.common_support.tv_distance_core,,1e01a35e0026caf94cb2afdffd405a239496d29e9dfd2ee1f155733e4a5c1e4c
IIDWord,ProbabilityTheory/Support/IIDWord.lean,ProbabilityTheory.Support.IIDWord,,f7a26458362a42b022a13a4c11b185a605889be1333409644b5421dde1260049
DensityIntegralBridge,ProbabilityTheory/Phase2/DensityIntegralBridge.lean,ProbabilityTheory.Phase2.DensityIntegralBridge,,77cc1107a80e10f0f08dd045946654381439ee2e8f12582ee498febd11f16dc4
VectorMeasureBorelBridge,ProbabilityTheory/Phase2/VectorMeasureBorelBridge.lean,ProbabilityTheory.Phase2.VectorMeasureBorelBridge,,d0840870a2fa27134c51af220f69875d4c237636ef79e39fd3be0ba03cdb91db
thm_1_2_glue_support,ProbabilityTheory/chapter_01/thm_1_2_glue_support.lean,ProbabilityTheory.chapter_01.thm_1_2_glue_support,1,310a4e500d1930ef83ef24ae777160fe806cc2c9afb1907f37059c0c6912d3ee
thm_2_9_vitali_support,ProbabilityTheory/chapter_02/thm_2_9_vitali_support.lean,ProbabilityTheory.chapter_02.thm_2_9_vitali_support,2,eecc481700cd83ff4d1f138b08107117cd778c7bf1e2a765b63658681810f3e8
def_5_5to10,ProbabilityTheory/chapter_05/def_5_5to10.lean,ProbabilityTheory.chapter_05.def_5_5to10,5,99369b2908bd5a2b349d60298d48e93cf423054913a1264b7c52139f17c3cb68
